"Series.Name","Series.Code","Country.Name","Country.Code","Region","Year","Value"
"Level of water stress: freshwater withdrawal as a proportion of available freshwater resources","ER.H2O.FWST.ZS","Afghanistan","AFG","Eastern Mediterranean Region",2021,54.75701944
"Level of water stress: freshwater withdrawal as a proportion of available freshwater resources","ER.H2O.FWST.ZS","Albania","ALB","European Region",2021,4.783653846
"Level of water stress: freshwater withdrawal as a proportion of available freshwater resources","ER.H2O.FWST.ZS","Algeria","DZA","African Region",2021,137.9203602
"Level of water stress: freshwater withdrawal as a proportion of available freshwater resources","ER.H2O.FWST.ZS","Angola","AGO","African Region",2021,1.871883289
"Level of water stress: freshwater withdrawal as a proportion of available freshwater resources","ER.H2O.FWST.ZS","Antigua and Barbuda","ATG","Region of the Americas",2021,8.461538462
"Level of water stress: freshwater withdrawal as a proportion of available freshwater resources","ER.H2O.FWST.ZS","Argentina","ARG","Region of the Americas",2021,10.45666408
"Level of water stress: freshwater withdrawal as a proportion of available freshwater resources","ER.H2O.FWST.ZS","Armenia","ARM","European Region",2021,59.85475086
"Level of water stress: freshwater withdrawal as a proportion of available freshwater resources","ER.H2O.FWST.ZS","Australia","AUS","Western Pacific Region",2021,4.599919582
"Level of water stress: freshwater withdrawal as a proportion of available freshwater resources","ER.H2O.FWST.ZS","Austria","AUT","European Region",2021,8.676429953
"Level of water stress: freshwater withdrawal as a proportion of available freshwater resources","ER.H2O.FWST.ZS","Azerbaijan","AZE","European Region",2021,57.26588651
"Level of water stress: freshwater withdrawal as a proportion of available freshwater resources","ER.H2O.FWST.ZS","Bahrain","BHR","Eastern Mediterranean Region",2021,133.7068966
"Level of water stress: freshwater withdrawal as a proportion of available freshwater resources","ER.H2O.FWST.ZS","Barbados","BRB","Region of the Americas",2021,87.5
"Level of water stress: freshwater withdrawal as a proportion of available freshwater resources","ER.H2O.FWST.ZS","Belarus","BLR","European Region",2021,4.696769941
"Level of water stress: freshwater withdrawal as a proportion of available freshwater resources","ER.H2O.FWST.ZS","Belgium","BEL","European Region",2021,51.87960688
"Level of water stress: freshwater withdrawal as a proportion of available freshwater resources","ER.H2O.FWST.ZS","Belize","BLZ","Region of the Americas",2021,1.260294485
"Level of water stress: freshwater withdrawal as a proportion of available freshwater resources","ER.H2O.FWST.ZS","Benin","BEN","African Region",2021,0.975243811
"Level of water stress: freshwater withdrawal as a proportion of available freshwater resources","ER.H2O.FWST.ZS","Bolivia","BOL","Region of the Americas",2021,1.2429031
"Level of water stress: freshwater withdrawal as a proportion of available freshwater resources","ER.H2O.FWST.ZS","Bosnia and Herzegovina","BIH","European Region",2021,2.034840638
"Level of water stress: freshwater withdrawal as a proportion of available freshwater resources","ER.H2O.FWST.ZS","Botswana","BWA","African Region",2021,2.442972916
"Level of water stress: freshwater withdrawal as a proportion of available freshwater resources","ER.H2O.FWST.ZS","Brazil","BRA","Region of the Americas",2021,1.481946279
"Level of water stress: freshwater withdrawal as a proportion of available freshwater resources","ER.H2O.FWST.ZS","Brunei Darussalam","BRN","Western Pacific Region",2021,3.466465712
"Level of water stress: freshwater withdrawal as a proportion of available freshwater resources","ER.H2O.FWST.ZS","Bulgaria","BGR","European Region",2021,37.51940276
"Level of water stress: freshwater withdrawal as a proportion of available freshwater resources","ER.H2O.FWST.ZS","Burkina Faso","BFA","African Region",2021,7.820267686
"Level of water stress: freshwater withdrawal as a proportion of available freshwater resources","ER.H2O.FWST.ZS","Burundi","BDI","African Region",2021,10.19286754
"Level of water stress: freshwater withdrawal as a proportion of available freshwater resources","ER.H2O.FWST.ZS","Cameroon","CMR","African Region",2021,1.560430108
"Level of water stress: freshwater withdrawal as a proportion of available freshwater resources","ER.H2O.FWST.ZS","Canada","CAN","Region of the Americas",2021,3.733573635
"Level of water stress: freshwater withdrawal as a proportion of available freshwater resources","ER.H2O.FWST.ZS","Central African Republic","CAF","African Region",2021,0.335648148
"Level of water stress: freshwater withdrawal as a proportion of available freshwater resources","ER.H2O.FWST.ZS","Chad","TCD","African Region",2021,4.294921875
"Level of water stress: freshwater withdrawal as a proportion of available freshwater resources","ER.H2O.FWST.ZS","Chile","CHL","Region of the Americas",2021,8.982121089
"Level of water stress: freshwater withdrawal as a proportion of available freshwater resources","ER.H2O.FWST.ZS","China","CHN","Western Pacific Region",2021,41.5185288
"Level of water stress: freshwater withdrawal as a proportion of available freshwater resources","ER.H2O.FWST.ZS","Colombia","COL","Region of the Americas",2021,4.39097809
"Level of water stress: freshwater withdrawal as a proportion of available freshwater resources","ER.H2O.FWST.ZS","Comoros","COM","African Region",2021,0.833333333
"Level of water stress: freshwater withdrawal as a proportion of available freshwater resources","ER.H2O.FWST.ZS","Congo, Dem. Rep.","COD","African Region",2021,0.226883505
"Level of water stress: freshwater withdrawal as a proportion of available freshwater resources","ER.H2O.FWST.ZS","Congo, Rep.","COG","African Region",2021,0.027446301
"Level of water stress: freshwater withdrawal as a proportion of available freshwater resources","ER.H2O.FWST.ZS","Cote d'Ivoire","CIV","African Region",2021,5.087565674
"Level of water stress: freshwater withdrawal as a proportion of available freshwater resources","ER.H2O.FWST.ZS","Cuba","CUB","Region of the Americas",2021,23.93944607
"Level of water stress: freshwater withdrawal as a proportion of available freshwater resources","ER.H2O.FWST.ZS","Cyprus","CYP","European Region",2021,32.1213778
"Level of water stress: freshwater withdrawal as a proportion of available freshwater resources","ER.H2O.FWST.ZS","Czechia","CZE","European Region",2021,20.51399027
"Level of water stress: freshwater withdrawal as a proportion of available freshwater resources","ER.H2O.FWST.ZS","Denmark","DNK","European Region",2021,26.40427258
"Level of water stress: freshwater withdrawal as a proportion of available freshwater resources","ER.H2O.FWST.ZS","Djibouti","DJI","Eastern Mediterranean Region",2021,6.333333333
"Level of water stress: freshwater withdrawal as a proportion of available freshwater resources","ER.H2O.FWST.ZS","Dominica","DMA","Region of the Americas",2021,10
"Level of water stress: freshwater withdrawal as a proportion of available freshwater resources","ER.H2O.FWST.ZS","Dominican Republic","DOM","Region of the Americas",2021,39.55331412
"Level of water stress: freshwater withdrawal as a proportion of available freshwater resources","ER.H2O.FWST.ZS","Ecuador","ECU","Region of the Americas",2021,6.782352941
"Level of water stress: freshwater withdrawal as a proportion of available freshwater resources","ER.H2O.FWST.ZS","Egypt, Arab Rep.","EGY","Eastern Mediterranean Region",2021,141.1657559
"Level of water stress: freshwater withdrawal as a proportion of available freshwater resources","ER.H2O.FWST.ZS","El Salvador","SLV","Region of the Americas",2021,13.21272614
"Level of water stress: freshwater withdrawal as a proportion of available freshwater resources","ER.H2O.FWST.ZS","Equatorial Guinea","GNQ","African Region",2021,0.183503244
"Level of water stress: freshwater withdrawal as a proportion of available freshwater resources","ER.H2O.FWST.ZS","Eritrea","ERI","African Region",2021,11.17511521
"Level of water stress: freshwater withdrawal as a proportion of available freshwater resources","ER.H2O.FWST.ZS","Estonia","EST","European Region",2021,10.81980133
"Level of water stress: freshwater withdrawal as a proportion of available freshwater resources","ER.H2O.FWST.ZS","Eswatini","SWZ","African Region",2021,77.55991285
"Level of water stress: freshwater withdrawal as a proportion of available freshwater resources","ER.H2O.FWST.ZS","Fiji","FJI","Western Pacific Region",2021,0.29737303
"Level of water stress: freshwater withdrawal as a proportion of available freshwater resources","ER.H2O.FWST.ZS","Finland","FIN","European Region",2021,7.11406213
"Level of water stress: freshwater withdrawal as a proportion of available freshwater resources","ER.H2O.FWST.ZS","France","FRA","European Region",2021,21.59813707
"Level of water stress: freshwater withdrawal as a proportion of available freshwater resources","ER.H2O.FWST.ZS","Gabon","GAB","African Region",2021,0.502166065
"Level of water stress: freshwater withdrawal as a proportion of available freshwater resources","ER.H2O.FWST.ZS","Gambia, The","GMB","African Region",2021,2.209656372
"Level of water stress: freshwater withdrawal as a proportion of available freshwater resources","ER.H2O.FWST.ZS","Georgia","GEO","European Region",2021,5.240977199
"Level of water stress: freshwater withdrawal as a proportion of available freshwater resources","ER.H2O.FWST.ZS","Germany","DEU","European Region",2021,35.35165707
"Level of water stress: freshwater withdrawal as a proportion of available freshwater resources","ER.H2O.FWST.ZS","Ghana","GHA","African Region",2021,6.314734089
"Level of water stress: freshwater withdrawal as a proportion of available freshwater resources","ER.H2O.FWST.ZS","Greece","GRC","European Region",2021,20.68379527
"Level of water stress: freshwater withdrawal as a proportion of available freshwater resources","ER.H2O.FWST.ZS","Guinea","GIN","African Region",2021,1.369230769
"Level of water stress: freshwater withdrawal as a proportion of available freshwater resources","ER.H2O.FWST.ZS","Guinea-Bissau","GNB","African Region",2021,1.495726496
"Level of water stress: freshwater withdrawal as a proportion of available freshwater resources","ER.H2O.FWST.ZS","Guyana","GUY","Region of the Americas",2021,3.298401827
"Level of water stress: freshwater withdrawal as a proportion of available freshwater resources","ER.H2O.FWST.ZS","Haiti","HTI","Region of the Americas",2021,13.38379177
"Level of water stress: freshwater withdrawal as a proportion of available freshwater resources","ER.H2O.FWST.ZS","Hungary","HUN","European Region",2021,8.070120898
"Level of water stress: freshwater withdrawal as a proportion of available freshwater resources","ER.H2O.FWST.ZS","Iceland","ISL","European Region",2021,0.394075282
"Level of water stress: freshwater withdrawal as a proportion of available freshwater resources","ER.H2O.FWST.ZS","India","IND","South-East Asia Region",2021,66.49209283
"Level of water stress: freshwater withdrawal as a proportion of available freshwater resources","ER.H2O.FWST.ZS","Indonesia","IDN","South-East Asia Region",2021,29.69654528
"Level of water stress: freshwater withdrawal as a proportion of available freshwater resources","ER.H2O.FWST.ZS","Iran, Islamic Rep.","IRN","Eastern Mediterranean Region",2021,81.28908129
"Level of water stress: freshwater withdrawal as a proportion of available freshwater resources","ER.H2O.FWST.ZS","Iraq","IRQ","Eastern Mediterranean Region",2021,59.58384831
"Level of water stress: freshwater withdrawal as a proportion of available freshwater resources","ER.H2O.FWST.ZS","Ireland","IRL","European Region",2021,22.20505618
"Level of water stress: freshwater withdrawal as a proportion of available freshwater resources","ER.H2O.FWST.ZS","Israel","ISR","European Region",2021,131.9989647
"Level of water stress: freshwater withdrawal as a proportion of available freshwater resources","ER.H2O.FWST.ZS","Italy","ITA","European Region",2021,29.64578377
"Level of water stress: freshwater withdrawal as a proportion of available freshwater resources","ER.H2O.FWST.ZS","Jamaica","JAM","Region of the Americas",2021,12.38281888
"Level of water stress: freshwater withdrawal as a proportion of available freshwater resources","ER.H2O.FWST.ZS","Japan","JPN","Western Pacific Region",2021,36.04597701
"Level of water stress: freshwater withdrawal as a proportion of available freshwater resources","ER.H2O.FWST.ZS","Jordan","JOR","Eastern Mediterranean Region",2021,102.5163362
"Level of water stress: freshwater withdrawal as a proportion of available freshwater resources","ER.H2O.FWST.ZS","Kazakhstan","KAZ","European Region",2021,34.09847434
"Level of water stress: freshwater withdrawal as a proportion of available freshwater resources","ER.H2O.FWST.ZS","Kenya","KEN","African Region",2021,33.23990107
"Level of water stress: freshwater withdrawal as a proportion of available freshwater resources","ER.H2O.FWST.ZS","Korea, Dem. People's Rep.","PRK","South-East Asia Region",2021,27.7404678
"Level of water stress: freshwater withdrawal as a proportion of available freshwater resources","ER.H2O.FWST.ZS","Korea, Rep.","KOR","Western Pacific Region",2021,85.22183304
"Level of water stress: freshwater withdrawal as a proportion of available freshwater resources","ER.H2O.FWST.ZS","Kuwait","KWT","Eastern Mediterranean Region",2021,3850.5
"Level of water stress: freshwater withdrawal as a proportion of available freshwater resources","ER.H2O.FWST.ZS","Kyrgyz Republic","KGZ","European Region",2021,50.03895598
"Level of water stress: freshwater withdrawal as a proportion of available freshwater resources","ER.H2O.FWST.ZS","Latvia","LVA","European Region",2021,1.067831467
"Level of water stress: freshwater withdrawal as a proportion of available freshwater resources","ER.H2O.FWST.ZS","Lebanon","LBN","Eastern Mediterranean Region",2021,58.79299156
"Level of water stress: freshwater withdrawal as a proportion of available freshwater resources","ER.H2O.FWST.ZS","Lesotho","LSO","African Region",2021,2.565905097
"Level of water stress: freshwater withdrawal as a proportion of available freshwater resources","ER.H2O.FWST.ZS","Liberia","LBR","African Region",2021,0.264311594
"Level of water stress: freshwater withdrawal as a proportion of available freshwater resources","ER.H2O.FWST.ZS","Libya","LBY","Eastern Mediterranean Region",2021,817.1428571
"Level of water stress: freshwater withdrawal as a proportion of available freshwater resources","ER.H2O.FWST.ZS","Lithuania","LTU","European Region",2021,1.834102379
"Level of water stress: freshwater withdrawal as a proportion of available freshwater resources","ER.H2O.FWST.ZS","Luxembourg","LUX","European Region",2021,3.963515755
"Level of water stress: freshwater withdrawal as a proportion of available freshwater resources","ER.H2O.FWST.ZS","Madagascar","MDG","African Region",2021,11.26150628
"Level of water stress: freshwater withdrawal as a proportion of available freshwater resources","ER.H2O.FWST.ZS","Malawi","MWI","African Region",2021,17.50483809
"Level of water stress: freshwater withdrawal as a proportion of available freshwater resources","ER.H2O.FWST.ZS","Malaysia","MYS","Western Pacific Region",2021,3.43948718
"Level of water stress: freshwater withdrawal as a proportion of available freshwater resources","ER.H2O.FWST.ZS","Maldives","MDV","South-East Asia Region",2021,15.66666667
"Level of water stress: freshwater withdrawal as a proportion of available freshwater resources","ER.H2O.FWST.ZS","Mali","MLI","African Region",2021,8.00308642
"Level of water stress: freshwater withdrawal as a proportion of available freshwater resources","ER.H2O.FWST.ZS","Malta","MLT","European Region",2021,78.28007149
"Level of water stress: freshwater withdrawal as a proportion of available freshwater resources","ER.H2O.FWST.ZS","Mauritania","MRT","African Region",2021,13.24621733
"Level of water stress: freshwater withdrawal as a proportion of available freshwater resources","ER.H2O.FWST.ZS","Mauritius","MUS","African Region",2021,21.95565249
"Level of water stress: freshwater withdrawal as a proportion of available freshwater resources","ER.H2O.FWST.ZS","Mexico","MEX","Region of the Americas",2021,45.01521461
"Level of water stress: freshwater withdrawal as a proportion of available freshwater resources","ER.H2O.FWST.ZS","Moldova","MDA","European Region",2021,12.56311256
"Level of water stress: freshwater withdrawal as a proportion of available freshwater resources","ER.H2O.FWST.ZS","Mongolia","MNG","Western Pacific Region",2021,3.395007342
"Level of water stress: freshwater withdrawal as a proportion of available freshwater resources","ER.H2O.FWST.ZS","Morocco","MAR","Eastern Mediterranean Region",2021,50.75121202
"Level of water stress: freshwater withdrawal as a proportion of available freshwater resources","ER.H2O.FWST.ZS","Mozambique","MOZ","African Region",2021,1.751486326
"Level of water stress: freshwater withdrawal as a proportion of available freshwater resources","ER.H2O.FWST.ZS","Myanmar","MMR","South-East Asia Region",2021,5.801501397
"Level of water stress: freshwater withdrawal as a proportion of available freshwater resources","ER.H2O.FWST.ZS","Namibia","NAM","African Region",2021,0.861552567
"Level of water stress: freshwater withdrawal as a proportion of available freshwater resources","ER.H2O.FWST.ZS","Nepal","NPL","South-East Asia Region",2021,8.311832662
"Level of water stress: freshwater withdrawal as a proportion of available freshwater resources","ER.H2O.FWST.ZS","Netherlands","NLD","European Region",2021,16.07566255
"Level of water stress: freshwater withdrawal as a proportion of available freshwater resources","ER.H2O.FWST.ZS","New Zealand","NZL","Western Pacific Region",2021,8.04808476
"Level of water stress: freshwater withdrawal as a proportion of available freshwater resources","ER.H2O.FWST.ZS","Nicaragua","NIC","Region of the Americas",2021,2.220900209
"Level of water stress: freshwater withdrawal as a proportion of available freshwater resources","ER.H2O.FWST.ZS","Niger","NER","African Region",2021,11.02093771
"Level of water stress: freshwater withdrawal as a proportion of available freshwater resources","ER.H2O.FWST.ZS","Nigeria","NGA","African Region",2021,9.668217054
"Level of water stress: freshwater withdrawal as a proportion of available freshwater resources","ER.H2O.FWST.ZS","North Macedonia","MKD","European Region",2021,37.96926428
"Level of water stress: freshwater withdrawal as a proportion of available freshwater resources","ER.H2O.FWST.ZS","Norway","NOR","European Region",2021,2.009498099
"Level of water stress: freshwater withdrawal as a proportion of available freshwater resources","ER.H2O.FWST.ZS","Oman","OMN","Eastern Mediterranean Region",2021,116.7142857
"Level of water stress: freshwater withdrawal as a proportion of available freshwater resources","ER.H2O.FWST.ZS","Pakistan","PAK","Eastern Mediterranean Region",2021,162.0698117
"Level of water stress: freshwater withdrawal as a proportion of available freshwater resources","ER.H2O.FWST.ZS","Papua New Guinea","PNG","Western Pacific Region",2021,0.132242833
"Level of water stress: freshwater withdrawal as a proportion of available freshwater resources","ER.H2O.FWST.ZS","Paraguay","PRY","Region of the Americas",2021,1.835399711
"Level of water stress: freshwater withdrawal as a proportion of available freshwater resources","ER.H2O.FWST.ZS","Poland","POL","European Region",2021,32.0768432
"Level of water stress: freshwater withdrawal as a proportion of available freshwater resources","ER.H2O.FWST.ZS","Portugal","PRT","European Region",2021,12.31571228
"Level of water stress: freshwater withdrawal as a proportion of available freshwater resources","ER.H2O.FWST.ZS","Puerto Rico","PRI","Region of the Americas",2021,19.53561063
"Level of water stress: freshwater withdrawal as a proportion of available freshwater resources","ER.H2O.FWST.ZS","Qatar","QAT","Eastern Mediterranean Region",2021,431.0344828
"Level of water stress: freshwater withdrawal as a proportion of available freshwater resources","ER.H2O.FWST.ZS","Romania","ROU","European Region",2021,7.362606498
"Level of water stress: freshwater withdrawal as a proportion of available freshwater resources","ER.H2O.FWST.ZS","Russian Federation","RUS","European Region",2021,4.122242749
"Level of water stress: freshwater withdrawal as a proportion of available freshwater resources","ER.H2O.FWST.ZS","Rwanda","RWA","African Region",2021,20.1986755
"Level of water stress: freshwater withdrawal as a proportion of available freshwater resources","ER.H2O.FWST.ZS","Sao Tome and Principe","STP","African Region",2021,1.876146789
"Level of water stress: freshwater withdrawal as a proportion of available freshwater resources","ER.H2O.FWST.ZS","Saudi Arabia","SAU","Eastern Mediterranean Region",2021,974.1666667
"Level of water stress: freshwater withdrawal as a proportion of available freshwater resources","ER.H2O.FWST.ZS","Senegal","SEN","African Region",2021,16.2764487
"Level of water stress: freshwater withdrawal as a proportion of available freshwater resources","ER.H2O.FWST.ZS","Sierra Leone","SLE","African Region",2021,0.495794393
"Level of water stress: freshwater withdrawal as a proportion of available freshwater resources","ER.H2O.FWST.ZS","Singapore","SGP","Western Pacific Region",2021,83.11666667
"Level of water stress: freshwater withdrawal as a proportion of available freshwater resources","ER.H2O.FWST.ZS","Slovak Republic","SVK","European Region",2021,2.436631239
"Level of water stress: freshwater withdrawal as a proportion of available freshwater resources","ER.H2O.FWST.ZS","Somalia","SOM","Eastern Mediterranean Region",2021,24.52774059
"Level of water stress: freshwater withdrawal as a proportion of available freshwater resources","ER.H2O.FWST.ZS","South Africa","ZAF","African Region",2021,66.89081012
"Level of water stress: freshwater withdrawal as a proportion of available freshwater resources","ER.H2O.FWST.ZS","Spain","ESP","European Region",2021,43.25403923
"Level of water stress: freshwater withdrawal as a proportion of available freshwater resources","ER.H2O.FWST.ZS","Sri Lanka","LKA","South-East Asia Region",2021,90.78541374
"Level of water stress: freshwater withdrawal as a proportion of available freshwater resources","ER.H2O.FWST.ZS","St. Vincent and the Grenadines","VCT","Region of the Americas",2021,7.9
"Level of water stress: freshwater withdrawal as a proportion of available freshwater resources","ER.H2O.FWST.ZS","Suriname","SUR","Region of the Americas",2021,3.950609365
"Level of water stress: freshwater withdrawal as a proportion of available freshwater resources","ER.H2O.FWST.ZS","Sweden","SWE","European Region",2021,3.582972583
"Level of water stress: freshwater withdrawal as a proportion of available freshwater resources","ER.H2O.FWST.ZS","Switzerland","CHE","European Region",2021,6.498855835
"Level of water stress: freshwater withdrawal as a proportion of available freshwater resources","ER.H2O.FWST.ZS","Syrian Arab Republic","SYR","Eastern Mediterranean Region",2021,124.3601389
"Level of water stress: freshwater withdrawal as a proportion of available freshwater resources","ER.H2O.FWST.ZS","Tajikistan","TJK","European Region",2021,69.94326428
"Level of water stress: freshwater withdrawal as a proportion of available freshwater resources","ER.H2O.FWST.ZS","Tanzania","TZA","African Region",2021,12.96324081
"Level of water stress: freshwater withdrawal as a proportion of available freshwater resources","ER.H2O.FWST.ZS","Togo","TGO","African Region",2021,3.391634981
"Level of water stress: freshwater withdrawal as a proportion of available freshwater resources","ER.H2O.FWST.ZS","Trinidad and Tobago","TTO","Region of the Americas",2021,20.32648126
"Level of water stress: freshwater withdrawal as a proportion of available freshwater resources","ER.H2O.FWST.ZS","Tunisia","TUN","Eastern Mediterranean Region",2021,98.11339918
"Level of water stress: freshwater withdrawal as a proportion of available freshwater resources","ER.H2O.FWST.ZS","Turkiye","TUR","European Region",2021,43.37814752
"Level of water stress: freshwater withdrawal as a proportion of available freshwater resources","ER.H2O.FWST.ZS","Turkmenistan","TKM","European Region",2021,135.2138073
"Level of water stress: freshwater withdrawal as a proportion of available freshwater resources","ER.H2O.FWST.ZS","Uganda","UGA","African Region",2021,5.82799634
"Level of water stress: freshwater withdrawal as a proportion of available freshwater resources","ER.H2O.FWST.ZS","Ukraine","UKR","European Region",2021,12.25576574
"Level of water stress: freshwater withdrawal as a proportion of available freshwater resources","ER.H2O.FWST.ZS","United Arab Emirates","ARE","Eastern Mediterranean Region",2021,1533.333333
"Level of water stress: freshwater withdrawal as a proportion of available freshwater resources","ER.H2O.FWST.ZS","United Kingdom","GBR","European Region",2021,14.35464621
"Level of water stress: freshwater withdrawal as a proportion of available freshwater resources","ER.H2O.FWST.ZS","United States","USA","Region of the Americas",2021,28.16198427
"Level of water stress: freshwater withdrawal as a proportion of available freshwater resources","ER.H2O.FWST.ZS","Uruguay","URY","Region of the Americas",2021,9.786096257
"Level of water stress: freshwater withdrawal as a proportion of available freshwater resources","ER.H2O.FWST.ZS","Uzbekistan","UZB","European Region",2021,121.8353886
"Level of water stress: freshwater withdrawal as a proportion of available freshwater resources","ER.H2O.FWST.ZS","Venezuela, RB","VEN","Region of the Americas",2021,7.540366667
"Level of water stress: freshwater withdrawal as a proportion of available freshwater resources","ER.H2O.FWST.ZS","Viet Nam","VNM","Western Pacific Region",2021,18.13031538
"Level of water stress: freshwater withdrawal as a proportion of available freshwater resources","ER.H2O.FWST.ZS","West Bank and Gaza","PSE","Eastern Mediterranean Region",2021,47.75353017
"Level of water stress: freshwater withdrawal as a proportion of available freshwater resources","ER.H2O.FWST.ZS","Yemen, Rep.","YEM","Eastern Mediterranean Region",2021,169.7619048
"Level of water stress: freshwater withdrawal as a proportion of available freshwater resources","ER.H2O.FWST.ZS","Zambia","ZMB","African Region",2021,2.835497836
"Level of water stress: freshwater withdrawal as a proportion of available freshwater resources","ER.H2O.FWST.ZS","Zimbabwe","ZWE","African Region",2021,46.09162031
"People using at least basic drinking water services (% of population)","SH.H2O.BASW.ZS","Afghanistan","AFG","Eastern Mediterranean Region",2021,79.69307846
"People using at least basic drinking water services (% of population)","SH.H2O.BASW.ZS","Albania","ALB","European Region",2021,95.08151344
"People using at least basic drinking water services (% of population)","SH.H2O.BASW.ZS","Algeria","DZA","African Region",2021,94.63210204
"People using at least basic drinking water services (% of population)","SH.H2O.BASW.ZS","Andorra","AND","European Region",2021,100
"People using at least basic drinking water services (% of population)","SH.H2O.BASW.ZS","Angola","AGO","African Region",2021,57.44672553
"People using at least basic drinking water services (% of population)","SH.H2O.BASW.ZS","Armenia","ARM","European Region",2021,99.95489411
"People using at least basic drinking water services (% of population)","SH.H2O.BASW.ZS","Australia","AUS","Western Pacific Region",2021,99.96977467
"People using at least basic drinking water services (% of population)","SH.H2O.BASW.ZS","Austria","AUT","European Region",2021,100
"People using at least basic drinking water services (% of population)","SH.H2O.BASW.ZS","Azerbaijan","AZE","European Region",2021,97.00710207
"People using at least basic drinking water services (% of population)","SH.H2O.BASW.ZS","Bahrain","BHR","Eastern Mediterranean Region",2021,99.91989902
"People using at least basic drinking water services (% of population)","SH.H2O.BASW.ZS","Bangladesh","BGD","South-East Asia Region",2021,98.03301971
"People using at least basic drinking water services (% of population)","SH.H2O.BASW.ZS","Barbados","BRB","Region of the Americas",2021,98.51445042
"People using at least basic drinking water services (% of population)","SH.H2O.BASW.ZS","Belarus","BLR","European Region",2021,99.18791665
"People using at least basic drinking water services (% of population)","SH.H2O.BASW.ZS","Belgium","BEL","European Region",2021,100
"People using at least basic drinking water services (% of population)","SH.H2O.BASW.ZS","Belize","BLZ","Region of the Americas",2021,98.40350771
"People using at least basic drinking water services (% of population)","SH.H2O.BASW.ZS","Benin","BEN","African Region",2021,67.12590915
"People using at least basic drinking water services (% of population)","SH.H2O.BASW.ZS","Bhutan","BTN","South-East Asia Region",2021,99.12699463
"People using at least basic drinking water services (% of population)","SH.H2O.BASW.ZS","Bolivia","BOL","Region of the Americas",2021,93.60317892
"People using at least basic drinking water services (% of population)","SH.H2O.BASW.ZS","Bosnia and Herzegovina","BIH","European Region",2021,96.10382253
"People using at least basic drinking water services (% of population)","SH.H2O.BASW.ZS","Botswana","BWA","African Region",2021,92.44851614
"People using at least basic drinking water services (% of population)","SH.H2O.BASW.ZS","Brazil","BRA","Region of the Americas",2021,99.5894011
"People using at least basic drinking water services (% of population)","SH.H2O.BASW.ZS","Brunei Darussalam","BRN","Western Pacific Region",2021,99.90004922
"People using at least basic drinking water services (% of population)","SH.H2O.BASW.ZS","Bulgaria","BGR","European Region",2021,99.08929849
"People using at least basic drinking water services (% of population)","SH.H2O.BASW.ZS","Burkina Faso","BFA","African Region",2021,49.02263051
"People using at least basic drinking water services (% of population)","SH.H2O.BASW.ZS","Burundi","BDI","African Region",2021,62.32256445
"People using at least basic drinking water services (% of population)","SH.H2O.BASW.ZS","Cabo Verde","CPV","African Region",2021,89.82515425
"People using at least basic drinking water services (% of population)","SH.H2O.BASW.ZS","Cambodia","KHM","Western Pacific Region",2021,77.06604334
"People using at least basic drinking water services (% of population)","SH.H2O.BASW.ZS","Cameroon","CMR","African Region",2021,68.89556458
"People using at least basic drinking water services (% of population)","SH.H2O.BASW.ZS","Canada","CAN","Region of the Americas",2021,99.22198864
"People using at least basic drinking water services (% of population)","SH.H2O.BASW.ZS","Central African Republic","CAF","African Region",2021,36.19738081
"People using at least basic drinking water services (% of population)","SH.H2O.BASW.ZS","Chad","TCD","African Region",2021,51.89910104
"People using at least basic drinking water services (% of population)","SH.H2O.BASW.ZS","Chile","CHL","Region of the Americas",2021,100
"People using at least basic drinking water services (% of population)","SH.H2O.BASW.ZS","China","CHN","Western Pacific Region",2021,96.69444916
"People using at least basic drinking water services (% of population)","SH.H2O.BASW.ZS","Colombia","COL","Region of the Americas",2021,97.3938173
"People using at least basic drinking water services (% of population)","SH.H2O.BASW.ZS","Congo, Dem. Rep.","COD","African Region",2021,35.31309699
"People using at least basic drinking water services (% of population)","SH.H2O.BASW.ZS","Congo, Rep.","COG","African Region",2021,73.97232686
"People using at least basic drinking water services (% of population)","SH.H2O.BASW.ZS","Costa Rica","CRI","Region of the Americas",2021,99.81186902
"People using at least basic drinking water services (% of population)","SH.H2O.BASW.ZS","Cote d'Ivoire","CIV","African Region",2021,72.73826702
"People using at least basic drinking water services (% of population)","SH.H2O.BASW.ZS","Cuba","CUB","Region of the Americas",2021,94.55759874
"People using at least basic drinking water services (% of population)","SH.H2O.BASW.ZS","Cyprus","CYP","European Region",2021,99.76513248
"People using at least basic drinking water services (% of population)","SH.H2O.BASW.ZS","Czechia","CZE","European Region",2021,99.8807193
"People using at least basic drinking water services (% of population)","SH.H2O.BASW.ZS","Denmark","DNK","European Region",2021,99.99999983
"People using at least basic drinking water services (% of population)","SH.H2O.BASW.ZS","Djibouti","DJI","Eastern Mediterranean Region",2021,76.10704703
"People using at least basic drinking water services (% of population)","SH.H2O.BASW.ZS","Dominican Republic","DOM","Region of the Americas",2021,96.70461445
"People using at least basic drinking water services (% of population)","SH.H2O.BASW.ZS","Ecuador","ECU","Region of the Americas",2021,95.67799951
"People using at least basic drinking water services (% of population)","SH.H2O.BASW.ZS","Egypt, Arab Rep.","EGY","Eastern Mediterranean Region",2021,98.7679087
"People using at least basic drinking water services (% of population)","SH.H2O.BASW.ZS","El Salvador","SLV","Region of the Americas",2021,98.1944683
"People using at least basic drinking water services (% of population)","SH.H2O.BASW.ZS","Estonia","EST","European Region",2021,99.99999915
"People using at least basic drinking water services (% of population)","SH.H2O.BASW.ZS","Eswatini","SWZ","African Region",2021,72.45384449
"People using at least basic drinking water services (% of population)","SH.H2O.BASW.ZS","Ethiopia","ETH","African Region",2021,50.04256282
"People using at least basic drinking water services (% of population)","SH.H2O.BASW.ZS","Fiji","FJI","Western Pacific Region",2021,95.45346194
"People using at least basic drinking water services (% of population)","SH.H2O.BASW.ZS","Finland","FIN","European Region",2021,100
"People using at least basic drinking water services (% of population)","SH.H2O.BASW.ZS","France","FRA","European Region",2021,100
"People using at least basic drinking water services (% of population)","SH.H2O.BASW.ZS","Gabon","GAB","African Region",2021,86.62492936
"People using at least basic drinking water services (% of population)","SH.H2O.BASW.ZS","Gambia, The","GMB","African Region",2021,85.06744157
"People using at least basic drinking water services (% of population)","SH.H2O.BASW.ZS","Georgia","GEO","European Region",2021,94.82521607
"People using at least basic drinking water services (% of population)","SH.H2O.BASW.ZS","Germany","DEU","European Region",2021,100
"People using at least basic drinking water services (% of population)","SH.H2O.BASW.ZS","Ghana","GHA","African Region",2021,87.39227104
"People using at least basic drinking water services (% of population)","SH.H2O.BASW.ZS","Greece","GRC","European Region",2021,99.99999523
"People using at least basic drinking water services (% of population)","SH.H2O.BASW.ZS","Guatemala","GTM","Region of the Americas",2021,94.249619
"People using at least basic drinking water services (% of population)","SH.H2O.BASW.ZS","Guinea","GIN","African Region",2021,70.17919763
"People using at least basic drinking water services (% of population)","SH.H2O.BASW.ZS","Guinea-Bissau","GNB","African Region",2021,61.68898345
"People using at least basic drinking water services (% of population)","SH.H2O.BASW.ZS","Guyana","GUY","Region of the Americas",2021,95.56886613
"People using at least basic drinking water services (% of population)","SH.H2O.BASW.ZS","Haiti","HTI","Region of the Americas",2021,67.06127542
"People using at least basic drinking water services (% of population)","SH.H2O.BASW.ZS","Honduras","HND","Region of the Americas",2021,95.4270668
"People using at least basic drinking water services (% of population)","SH.H2O.BASW.ZS","Hungary","HUN","European Region",2021,99.99999885
"People using at least basic drinking water services (% of population)","SH.H2O.BASW.ZS","Iceland","ISL","European Region",2021,100
"People using at least basic drinking water services (% of population)","SH.H2O.BASW.ZS","India","IND","South-East Asia Region",2021,92.72465388
"People using at least basic drinking water services (% of population)","SH.H2O.BASW.ZS","Indonesia","IDN","South-East Asia Region",2021,93.35176582
"People using at least basic drinking water services (% of population)","SH.H2O.BASW.ZS","Iran, Islamic Rep.","IRN","Eastern Mediterranean Region",2021,97.57192402
"People using at least basic drinking water services (% of population)","SH.H2O.BASW.ZS","Iraq","IRQ","Eastern Mediterranean Region",2021,98.37115437
"People using at least basic drinking water services (% of population)","SH.H2O.BASW.ZS","Ireland","IRL","European Region",2021,95.99583147
"People using at least basic drinking water services (% of population)","SH.H2O.BASW.ZS","Israel","ISR","European Region",2021,100
"People using at least basic drinking water services (% of population)","SH.H2O.BASW.ZS","Italy","ITA","European Region",2021,99.91703407
"People using at least basic drinking water services (% of population)","SH.H2O.BASW.ZS","Jamaica","JAM","Region of the Americas",2021,91.06403594
"People using at least basic drinking water services (% of population)","SH.H2O.BASW.ZS","Japan","JPN","Western Pacific Region",2021,99.13674217
"People using at least basic drinking water services (% of population)","SH.H2O.BASW.ZS","Jordan","JOR","Eastern Mediterranean Region",2021,98.96502866
"People using at least basic drinking water services (% of population)","SH.H2O.BASW.ZS","Kazakhstan","KAZ","European Region",2021,95.44405932
"People using at least basic drinking water services (% of population)","SH.H2O.BASW.ZS","Kenya","KEN","African Region",2021,62.19883728
"People using at least basic drinking water services (% of population)","SH.H2O.BASW.ZS","Kiribati","KIR","Western Pacific Region",2021,74.8564949
"People using at least basic drinking water services (% of population)","SH.H2O.BASW.ZS","Korea, Dem. People's Rep.","PRK","South-East Asia Region",2021,93.86514132
"People using at least basic drinking water services (% of population)","SH.H2O.BASW.ZS","Kuwait","KWT","Eastern Mediterranean Region",2021,100
"People using at least basic drinking water services (% of population)","SH.H2O.BASW.ZS","Kyrgyz Republic","KGZ","European Region",2021,90.75355704
"People using at least basic drinking water services (% of population)","SH.H2O.BASW.ZS","Lao PDR","LAO","Western Pacific Region",2021,85.34039989
"People using at least basic drinking water services (% of population)","SH.H2O.BASW.ZS","Latvia","LVA","European Region",2021,98.8420438
"People using at least basic drinking water services (% of population)","SH.H2O.BASW.ZS","Lebanon","LBN","Eastern Mediterranean Region",2021,92.6
"People using at least basic drinking water services (% of population)","SH.H2O.BASW.ZS","Lesotho","LSO","African Region",2021,73.62876066
"People using at least basic drinking water services (% of population)","SH.H2O.BASW.ZS","Liberia","LBR","African Region",2021,75.13533668
"People using at least basic drinking water services (% of population)","SH.H2O.BASW.ZS","Libya","LBY","Eastern Mediterranean Region",2021,99.8915238
"People using at least basic drinking water services (% of population)","SH.H2O.BASW.ZS","Lithuania","LTU","European Region",2021,98.02597266
"People using at least basic drinking water services (% of population)","SH.H2O.BASW.ZS","Luxembourg","LUX","European Region",2021,99.88300827
"People using at least basic drinking water services (% of population)","SH.H2O.BASW.ZS","Madagascar","MDG","African Region",2021,52.70430719
"People using at least basic drinking water services (% of population)","SH.H2O.BASW.ZS","Malawi","MWI","African Region",2021,71.07282907
"People using at least basic drinking water services (% of population)","SH.H2O.BASW.ZS","Malaysia","MYS","Western Pacific Region",2021,97.10941679
"People using at least basic drinking water services (% of population)","SH.H2O.BASW.ZS","Maldives","MDV","South-East Asia Region",2021,99.56211426
"People using at least basic drinking water services (% of population)","SH.H2O.BASW.ZS","Mali","MLI","African Region",2021,82.2039904
"People using at least basic drinking water services (% of population)","SH.H2O.BASW.ZS","Malta","MLT","European Region",2021,99.99999912
"People using at least basic drinking water services (% of population)","SH.H2O.BASW.ZS","Mauritania","MRT","African Region",2021,76.0527122
"People using at least basic drinking water services (% of population)","SH.H2O.BASW.ZS","Mauritius","MUS","African Region",2021,100
"People using at least basic drinking water services (% of population)","SH.H2O.BASW.ZS","Mexico","MEX","Region of the Americas",2021,99.54000271
"People using at least basic drinking water services (% of population)","SH.H2O.BASW.ZS","Moldova","MDA","European Region",2021,91.58024326
"People using at least basic drinking water services (% of population)","SH.H2O.BASW.ZS","Monaco","MCO","European Region",2021,100
"People using at least basic drinking water services (% of population)","SH.H2O.BASW.ZS","Mongolia","MNG","Western Pacific Region",2021,82.81580975
"People using at least basic drinking water services (% of population)","SH.H2O.BASW.ZS","Morocco","MAR","Eastern Mediterranean Region",2021,86.84331424
"People using at least basic drinking water services (% of population)","SH.H2O.BASW.ZS","Mozambique","MOZ","African Region",2021,61.48093159
"People using at least basic drinking water services (% of population)","SH.H2O.BASW.ZS","Myanmar","MMR","South-East Asia Region",2021,82.33106172
"People using at least basic drinking water services (% of population)","SH.H2O.BASW.ZS","Namibia","NAM","African Region",2021,85.69866327
"People using at least basic drinking water services (% of population)","SH.H2O.BASW.ZS","Nepal","NPL","South-East Asia Region",2021,91.24225081
"People using at least basic drinking water services (% of population)","SH.H2O.BASW.ZS","Netherlands","NLD","European Region",2021,100
"People using at least basic drinking water services (% of population)","SH.H2O.BASW.ZS","New Zealand","NZL","Western Pacific Region",2021,99.99999623
"People using at least basic drinking water services (% of population)","SH.H2O.BASW.ZS","Niger","NER","African Region",2021,48.06025265
"People using at least basic drinking water services (% of population)","SH.H2O.BASW.ZS","Nigeria","NGA","African Region",2021,78.00019357
"People using at least basic drinking water services (% of population)","SH.H2O.BASW.ZS","North Macedonia","MKD","European Region",2021,97.84027221
"People using at least basic drinking water services (% of population)","SH.H2O.BASW.ZS","Norway","NOR","European Region",2021,100
"People using at least basic drinking water services (% of population)","SH.H2O.BASW.ZS","Oman","OMN","Eastern Mediterranean Region",2021,92.30971939
"People using at least basic drinking water services (% of population)","SH.H2O.BASW.ZS","Pakistan","PAK","Eastern Mediterranean Region",2021,90.48246306
"People using at least basic drinking water services (% of population)","SH.H2O.BASW.ZS","Palau","PLW","Western Pacific Region",2021,99.56455201
"People using at least basic drinking water services (% of population)","SH.H2O.BASW.ZS","Panama","PAN","Region of the Americas",2021,94.60610698
"People using at least basic drinking water services (% of population)","SH.H2O.BASW.ZS","Papua New Guinea","PNG","Western Pacific Region",2021,49.16923268
"People using at least basic drinking water services (% of population)","SH.H2O.BASW.ZS","Paraguay","PRY","Region of the Americas",2021,99.59589823
"People using at least basic drinking water services (% of population)","SH.H2O.BASW.ZS","Peru","PER","Region of the Americas",2021,94.20889819
"People using at least basic drinking water services (% of population)","SH.H2O.BASW.ZS","Philippines","PHL","Western Pacific Region",2021,94.46428059
"People using at least basic drinking water services (% of population)","SH.H2O.BASW.ZS","Portugal","PRT","European Region",2021,99.24568371
"People using at least basic drinking water services (% of population)","SH.H2O.BASW.ZS","Puerto Rico","PRI","Region of the Americas",2021,100
"People using at least basic drinking water services (% of population)","SH.H2O.BASW.ZS","Qatar","QAT","Eastern Mediterranean Region",2021,99.9828259
"People using at least basic drinking water services (% of population)","SH.H2O.BASW.ZS","Romania","ROU","European Region",2021,99.99999778
"People using at least basic drinking water services (% of population)","SH.H2O.BASW.ZS","Russian Federation","RUS","European Region",2021,96.96612688
"People using at least basic drinking water services (% of population)","SH.H2O.BASW.ZS","Rwanda","RWA","African Region",2021,64.45210935
"People using at least basic drinking water services (% of population)","SH.H2O.BASW.ZS","Samoa","WSM","Western Pacific Region",2021,98.272016
"People using at least basic drinking water services (% of population)","SH.H2O.BASW.ZS","San Marino","SMR","European Region",2021,100
"People using at least basic drinking water services (% of population)","SH.H2O.BASW.ZS","Sao Tome and Principe","STP","African Region",2021,77.28513049
"People using at least basic drinking water services (% of population)","SH.H2O.BASW.ZS","Senegal","SEN","African Region",2021,85.0712263
"People using at least basic drinking water services (% of population)","SH.H2O.BASW.ZS","Serbia","SRB","European Region",2021,95.67966514
"People using at least basic drinking water services (% of population)","SH.H2O.BASW.ZS","Seychelles","SYC","African Region",2021,96.41884356
"People using at least basic drinking water services (% of population)","SH.H2O.BASW.ZS","Sierra Leone","SLE","African Region",2021,64.20441759
"People using at least basic drinking water services (% of population)","SH.H2O.BASW.ZS","Singapore","SGP","Western Pacific Region",2021,100
"People using at least basic drinking water services (% of population)","SH.H2O.BASW.ZS","Slovak Republic","SVK","European Region",2021,99.78745843
"People using at least basic drinking water services (% of population)","SH.H2O.BASW.ZS","Slovenia","SVN","European Region",2021,99.5
"People using at least basic drinking water services (% of population)","SH.H2O.BASW.ZS","Solomon Islands","SLB","Western Pacific Region",2021,67.44761069
"People using at least basic drinking water services (% of population)","SH.H2O.BASW.ZS","Somalia","SOM","Eastern Mediterranean Region",2021,58.01372821
"People using at least basic drinking water services (% of population)","SH.H2O.BASW.ZS","South Africa","ZAF","African Region",2021,94.13269971
"People using at least basic drinking water services (% of population)","SH.H2O.BASW.ZS","Spain","ESP","European Region",2021,99.92538111
"People using at least basic drinking water services (% of population)","SH.H2O.BASW.ZS","Sri Lanka","LKA","South-East Asia Region",2021,89.00221413
"People using at least basic drinking water services (% of population)","SH.H2O.BASW.ZS","St. Lucia","LCA","Region of the Americas",2021,96.88823302
"People using at least basic drinking water services (% of population)","SH.H2O.BASW.ZS","Sudan","SDN","Eastern Mediterranean Region",2021,63.88200965
"People using at least basic drinking water services (% of population)","SH.H2O.BASW.ZS","Suriname","SUR","Region of the Americas",2021,97.99112691
"People using at least basic drinking water services (% of population)","SH.H2O.BASW.ZS","Sweden","SWE","European Region",2021,99.73844577
"People using at least basic drinking water services (% of population)","SH.H2O.BASW.ZS","Switzerland","CHE","European Region",2021,100
"People using at least basic drinking water services (% of population)","SH.H2O.BASW.ZS","Syrian Arab Republic","SYR","Eastern Mediterranean Region",2021,94.05369268
"People using at least basic drinking water services (% of population)","SH.H2O.BASW.ZS","Tajikistan","TJK","European Region",2021,81.89407836
"People using at least basic drinking water services (% of population)","SH.H2O.BASW.ZS","Tanzania","TZA","African Region",2021,59.36117077
"People using at least basic drinking water services (% of population)","SH.H2O.BASW.ZS","Thailand","THA","South-East Asia Region",2021,99.99999799
"People using at least basic drinking water services (% of population)","SH.H2O.BASW.ZS","Togo","TGO","African Region",2021,69.94698197
"People using at least basic drinking water services (% of population)","SH.H2O.BASW.ZS","Tonga","TON","Western Pacific Region",2021,98.77468859
"People using at least basic drinking water services (% of population)","SH.H2O.BASW.ZS","Trinidad and Tobago","TTO","Region of the Americas",2021,98.87517077
"People using at least basic drinking water services (% of population)","SH.H2O.BASW.ZS","Tunisia","TUN","Eastern Mediterranean Region",2021,96.93899305
"People using at least basic drinking water services (% of population)","SH.H2O.BASW.ZS","Turkiye","TUR","European Region",2021,97.02029543
"People using at least basic drinking water services (% of population)","SH.H2O.BASW.ZS","Turkmenistan","TKM","European Region",2021,99.99999969
"People using at least basic drinking water services (% of population)","SH.H2O.BASW.ZS","Tuvalu","TUV","Western Pacific Region",2021,99.23719479
"People using at least basic drinking water services (% of population)","SH.H2O.BASW.ZS","Uganda","UGA","African Region",2021,57.60557485
"People using at least basic drinking water services (% of population)","SH.H2O.BASW.ZS","Ukraine","UKR","European Region",2021,93.53463927
"People using at least basic drinking water services (% of population)","SH.H2O.BASW.ZS","United Arab Emirates","ARE","Eastern Mediterranean Region",2021,100
"People using at least basic drinking water services (% of population)","SH.H2O.BASW.ZS","United Kingdom","GBR","European Region",2021,99.99999864
"People using at least basic drinking water services (% of population)","SH.H2O.BASW.ZS","Uruguay","URY","Region of the Americas",2021,99.50424188
"People using at least basic drinking water services (% of population)","SH.H2O.BASW.ZS","Uzbekistan","UZB","European Region",2021,96.28974264
"People using at least basic drinking water services (% of population)","SH.H2O.BASW.ZS","Vanuatu","VUT","Western Pacific Region",2021,90.91301735
"People using at least basic drinking water services (% of population)","SH.H2O.BASW.ZS","Venezuela, RB","VEN","Region of the Americas",2021,93.50870585
"People using at least basic drinking water services (% of population)","SH.H2O.BASW.ZS","Viet Nam","VNM","Western Pacific Region",2021,97.31751338
"People using at least basic drinking water services (% of population)","SH.H2O.BASW.ZS","West Bank and Gaza","PSE","Eastern Mediterranean Region",2021,98.17100019
"People using at least basic drinking water services (% of population)","SH.H2O.BASW.ZS","Yemen, Rep.","YEM","Eastern Mediterranean Region",2021,61.59520686
"People using at least basic drinking water services (% of population)","SH.H2O.BASW.ZS","Zambia","ZMB","African Region",2021,68.03478318
"People using at least basic drinking water services (% of population)","SH.H2O.BASW.ZS","Zimbabwe","ZWE","African Region",2021,62.25279758
"People using safely managed drinking water services (% of population)","SH.H2O.SMDW.ZS","Afghanistan","AFG","Eastern Mediterranean Region",2021,29.313843
"People using safely managed drinking water services (% of population)","SH.H2O.SMDW.ZS","Albania","ALB","European Region",2021,70.70579506
"People using safely managed drinking water services (% of population)","SH.H2O.SMDW.ZS","Algeria","DZA","African Region",2021,70.54703078
"People using safely managed drinking water services (% of population)","SH.H2O.SMDW.ZS","Andorra","AND","European Region",2021,90.64000155
"People using safely managed drinking water services (% of population)","SH.H2O.SMDW.ZS","Armenia","ARM","European Region",2021,82.54877772
"People using safely managed drinking water services (% of population)","SH.H2O.SMDW.ZS","Austria","AUT","European Region",2021,98.89854282
"People using safely managed drinking water services (% of population)","SH.H2O.SMDW.ZS","Azerbaijan","AZE","European Region",2021,71.14634824
"People using safely managed drinking water services (% of population)","SH.H2O.SMDW.ZS","Bahrain","BHR","Eastern Mediterranean Region",2021,98.90397556
"People using safely managed drinking water services (% of population)","SH.H2O.SMDW.ZS","Bangladesh","BGD","South-East Asia Region",2021,59.1298464
"People using safely managed drinking water services (% of population)","SH.H2O.SMDW.ZS","Belarus","BLR","European Region",2021,93.01940273
"People using safely managed drinking water services (% of population)","SH.H2O.SMDW.ZS","Belgium","BEL","European Region",2021,99.73113433
"People using safely managed drinking water services (% of population)","SH.H2O.SMDW.ZS","Bhutan","BTN","South-East Asia Region",2021,72.66556687
"People using safely managed drinking water services (% of population)","SH.H2O.SMDW.ZS","Bosnia and Herzegovina","BIH","European Region",2021,87.5547838
"People using safely managed drinking water services (% of population)","SH.H2O.SMDW.ZS","Brazil","BRA","Region of the Americas",2021,86.64403312
"People using safely managed drinking water services (% of population)","SH.H2O.SMDW.ZS","Bulgaria","BGR","European Region",2021,95.81034352
"People using safely managed drinking water services (% of population)","SH.H2O.SMDW.ZS","Cambodia","KHM","Western Pacific Region",2021,28.46830325
"People using safely managed drinking water services (% of population)","SH.H2O.SMDW.ZS","Canada","CAN","Region of the Americas",2021,99.03932083
"People using safely managed drinking water services (% of population)","SH.H2O.SMDW.ZS","Central African Republic","CAF","African Region",2021,6.083897945
"People using safely managed drinking water services (% of population)","SH.H2O.SMDW.ZS","Chad","TCD","African Region",2021,6.204938183
"People using safely managed drinking water services (% of population)","SH.H2O.SMDW.ZS","Chile","CHL","Region of the Americas",2021,98.77136764
"People using safely managed drinking water services (% of population)","SH.H2O.SMDW.ZS","Colombia","COL","Region of the Americas",2021,73.71989554
"People using safely managed drinking water services (% of population)","SH.H2O.SMDW.ZS","Congo, Dem. Rep.","COD","African Region",2021,11.38371356
"People using safely managed drinking water services (% of population)","SH.H2O.SMDW.ZS","Congo, Rep.","COG","African Region",2021,46.07653625
"People using safely managed drinking water services (% of population)","SH.H2O.SMDW.ZS","Costa Rica","CRI","Region of the Americas",2021,80.51168811
"People using safely managed drinking water services (% of population)","SH.H2O.SMDW.ZS","Cote d'Ivoire","CIV","African Region",2021,43.7664579
"People using safely managed drinking water services (% of population)","SH.H2O.SMDW.ZS","Cyprus","CYP","European Region",2021,99.76513248
"People using safely managed drinking water services (% of population)","SH.H2O.SMDW.ZS","Czechia","CZE","European Region",2021,97.88292555
"People using safely managed drinking water services (% of population)","SH.H2O.SMDW.ZS","Denmark","DNK","European Region",2021,99.91882718
"People using safely managed drinking water services (% of population)","SH.H2O.SMDW.ZS","Dominican Republic","DOM","Region of the Americas",2021,44.86265823
"People using safely managed drinking water services (% of population)","SH.H2O.SMDW.ZS","Ecuador","ECU","Region of the Americas",2021,67.04490248
"People using safely managed drinking water services (% of population)","SH.H2O.SMDW.ZS","Estonia","EST","European Region",2021,97.00866426
"People using safely managed drinking water services (% of population)","SH.H2O.SMDW.ZS","Ethiopia","ETH","African Region",2021,12.88151333
"People using safely managed drinking water services (% of population)","SH.H2O.SMDW.ZS","Fiji","FJI","Western Pacific Region",2021,41.73755481
"People using safely managed drinking water services (% of population)","SH.H2O.SMDW.ZS","Finland","FIN","European Region",2021,99.63990231
"People using safely managed drinking water services (% of population)","SH.H2O.SMDW.ZS","France","FRA","European Region",2021,99.64470644
"People using safely managed drinking water services (% of population)","SH.H2O.SMDW.ZS","Gambia, The","GMB","African Region",2021,47.089187
"People using safely managed drinking water services (% of population)","SH.H2O.SMDW.ZS","Georgia","GEO","European Region",2021,68.88145941
"People using safely managed drinking water services (% of population)","SH.H2O.SMDW.ZS","Germany","DEU","European Region",2021,99.91604275
"People using safely managed drinking water services (% of population)","SH.H2O.SMDW.ZS","Ghana","GHA","African Region",2021,43.59805752
"People using safely managed drinking water services (% of population)","SH.H2O.SMDW.ZS","Greece","GRC","European Region",2021,98.87963707
"People using safely managed drinking water services (% of population)","SH.H2O.SMDW.ZS","Guatemala","GTM","Region of the Americas",2021,56.03049355
"People using safely managed drinking water services (% of population)","SH.H2O.SMDW.ZS","Guinea-Bissau","GNB","African Region",2021,23.77591801
"People using safely managed drinking water services (% of population)","SH.H2O.SMDW.ZS","Honduras","HND","Region of the Americas",2021,64.82911437
"People using safely managed drinking water services (% of population)","SH.H2O.SMDW.ZS","Hungary","HUN","European Region",2021,99.99999885
"People using safely managed drinking water services (% of population)","SH.H2O.SMDW.ZS","Iceland","ISL","European Region",2021,100
"People using safely managed drinking water services (% of population)","SH.H2O.SMDW.ZS","Indonesia","IDN","South-East Asia Region",2021,29.99125244
"People using safely managed drinking water services (% of population)","SH.H2O.SMDW.ZS","Iran, Islamic Rep.","IRN","Eastern Mediterranean Region",2021,94.08863277
"People using safely managed drinking water services (% of population)","SH.H2O.SMDW.ZS","Iraq","IRQ","Eastern Mediterranean Region",2021,59.70278242
"People using safely managed drinking water services (% of population)","SH.H2O.SMDW.ZS","Ireland","IRL","European Region",2021,95.99583147
"People using safely managed drinking water services (% of population)","SH.H2O.SMDW.ZS","Israel","ISR","European Region",2021,99.48556442
"People using safely managed drinking water services (% of population)","SH.H2O.SMDW.ZS","Italy","ITA","European Region",2021,92.71055756
"People using safely managed drinking water services (% of population)","SH.H2O.SMDW.ZS","Japan","JPN","Western Pacific Region",2021,98.6585502
"People using safely managed drinking water services (% of population)","SH.H2O.SMDW.ZS","Jordan","JOR","Eastern Mediterranean Region",2021,85.71292166
"People using safely managed drinking water services (% of population)","SH.H2O.SMDW.ZS","Kazakhstan","KAZ","European Region",2021,89.34996923
"People using safely managed drinking water services (% of population)","SH.H2O.SMDW.ZS","Kiribati","KIR","Western Pacific Region",2021,14.19515155
"People using safely managed drinking water services (% of population)","SH.H2O.SMDW.ZS","Korea, Dem. People's Rep.","PRK","South-East Asia Region",2021,66.45431945
"People using safely managed drinking water services (% of population)","SH.H2O.SMDW.ZS","Kuwait","KWT","Eastern Mediterranean Region",2021,100
"People using safely managed drinking water services (% of population)","SH.H2O.SMDW.ZS","Kyrgyz Republic","KGZ","European Region",2021,76.4097769
"People using safely managed drinking water services (% of population)","SH.H2O.SMDW.ZS","Lao PDR","LAO","Western Pacific Region",2021,17.77669824
"People using safely managed drinking water services (% of population)","SH.H2O.SMDW.ZS","Latvia","LVA","European Region",2021,96.8256719
"People using safely managed drinking water services (% of population)","SH.H2O.SMDW.ZS","Lebanon","LBN","Eastern Mediterranean Region",2021,47.7
"People using safely managed drinking water services (% of population)","SH.H2O.SMDW.ZS","Lesotho","LSO","African Region",2021,27.86573298
"People using safely managed drinking water services (% of population)","SH.H2O.SMDW.ZS","Lithuania","LTU","European Region",2021,94.95175037
"People using safely managed drinking water services (% of population)","SH.H2O.SMDW.ZS","Luxembourg","LUX","European Region",2021,99.52723298
"People using safely managed drinking water services (% of population)","SH.H2O.SMDW.ZS","Madagascar","MDG","African Region",2021,21.49212838
"People using safely managed drinking water services (% of population)","SH.H2O.SMDW.ZS","Malawi","MWI","African Region",2021,17.11338747
"People using safely managed drinking water services (% of population)","SH.H2O.SMDW.ZS","Malaysia","MYS","Western Pacific Region",2021,93.86336693
"People using safely managed drinking water services (% of population)","SH.H2O.SMDW.ZS","Malta","MLT","European Region",2021,99.79004774
"People using safely managed drinking water services (% of population)","SH.H2O.SMDW.ZS","Mexico","MEX","Region of the Americas",2021,42.96604199
"People using safely managed drinking water services (% of population)","SH.H2O.SMDW.ZS","Moldova","MDA","European Region",2021,74.85757103
"People using safely managed drinking water services (% of population)","SH.H2O.SMDW.ZS","Monaco","MCO","European Region",2021,100
"People using safely managed drinking water services (% of population)","SH.H2O.SMDW.ZS","Mongolia","MNG","Western Pacific Region",2021,38.33051581
"People using safely managed drinking water services (% of population)","SH.H2O.SMDW.ZS","Morocco","MAR","Eastern Mediterranean Region",2021,74.59271296
"People using safely managed drinking water services (% of population)","SH.H2O.SMDW.ZS","Myanmar","MMR","South-East Asia Region",2021,57.32547563
"People using safely managed drinking water services (% of population)","SH.H2O.SMDW.ZS","Nepal","NPL","South-East Asia Region",2021,16.07690087
"People using safely managed drinking water services (% of population)","SH.H2O.SMDW.ZS","Netherlands","NLD","European Region",2021,99.9690763
"People using safely managed drinking water services (% of population)","SH.H2O.SMDW.ZS","New Zealand","NZL","Western Pacific Region",2021,99.99999623
"People using safely managed drinking water services (% of population)","SH.H2O.SMDW.ZS","Nigeria","NGA","African Region",2021,28.4210293
"People using safely managed drinking water services (% of population)","SH.H2O.SMDW.ZS","North Macedonia","MKD","European Region",2021,80.41318215
"People using safely managed drinking water services (% of population)","SH.H2O.SMDW.ZS","Norway","NOR","European Region",2021,98.87739581
"People using safely managed drinking water services (% of population)","SH.H2O.SMDW.ZS","Oman","OMN","Eastern Mediterranean Region",2021,90.71065215
"People using safely managed drinking water services (% of population)","SH.H2O.SMDW.ZS","Pakistan","PAK","Eastern Mediterranean Region",2021,49.57296604
"People using safely managed drinking water services (% of population)","SH.H2O.SMDW.ZS","Palau","PLW","Western Pacific Region",2021,89.20143427
"People using safely managed drinking water services (% of population)","SH.H2O.SMDW.ZS","Paraguay","PRY","Region of the Americas",2021,64.15144761
"People using safely managed drinking water services (% of population)","SH.H2O.SMDW.ZS","Peru","PER","Region of the Americas",2021,51.69531259
"People using safely managed drinking water services (% of population)","SH.H2O.SMDW.ZS","Philippines","PHL","Western Pacific Region",2021,47.66305817
"People using safely managed drinking water services (% of population)","SH.H2O.SMDW.ZS","Portugal","PRT","European Region",2021,95.0865778
"People using safely managed drinking water services (% of population)","SH.H2O.SMDW.ZS","Puerto Rico","PRI","Region of the Americas",2021,99.87310759
"People using safely managed drinking water services (% of population)","SH.H2O.SMDW.ZS","Qatar","QAT","Eastern Mediterranean Region",2021,96.64887477
"People using safely managed drinking water services (% of population)","SH.H2O.SMDW.ZS","Romania","ROU","European Region",2021,82.02704009
"People using safely managed drinking water services (% of population)","SH.H2O.SMDW.ZS","Russian Federation","RUS","European Region",2021,76.13550914
"People using safely managed drinking water services (% of population)","SH.H2O.SMDW.ZS","Samoa","WSM","Western Pacific Region",2021,62.14566323
"People using safely managed drinking water services (% of population)","SH.H2O.SMDW.ZS","San Marino","SMR","European Region",2021,100
"People using safely managed drinking water services (% of population)","SH.H2O.SMDW.ZS","Sao Tome and Principe","STP","African Region",2021,36.1882152
"People using safely managed drinking water services (% of population)","SH.H2O.SMDW.ZS","Senegal","SEN","African Region",2021,26.37587024
"People using safely managed drinking water services (% of population)","SH.H2O.SMDW.ZS","Serbia","SRB","European Region",2021,75.04207243
"People using safely managed drinking water services (% of population)","SH.H2O.SMDW.ZS","Sierra Leone","SLE","African Region",2021,9.986945564
"People using safely managed drinking water services (% of population)","SH.H2O.SMDW.ZS","Singapore","SGP","Western Pacific Region",2021,100
"People using safely managed drinking water services (% of population)","SH.H2O.SMDW.ZS","Slovak Republic","SVK","European Region",2021,99.14912807
"People using safely managed drinking water services (% of population)","SH.H2O.SMDW.ZS","Slovenia","SVN","European Region",2021,98.27432091
"People using safely managed drinking water services (% of population)","SH.H2O.SMDW.ZS","Spain","ESP","European Region",2021,99.56429638
"People using safely managed drinking water services (% of population)","SH.H2O.SMDW.ZS","Sri Lanka","LKA","South-East Asia Region",2021,47.35929945
"People using safely managed drinking water services (% of population)","SH.H2O.SMDW.ZS","Suriname","SUR","Region of the Americas",2021,55.7762567
"People using safely managed drinking water services (% of population)","SH.H2O.SMDW.ZS","Sweden","SWE","European Region",2021,99.73844577
"People using safely managed drinking water services (% of population)","SH.H2O.SMDW.ZS","Switzerland","CHE","European Region",2021,96.70000007
"People using safely managed drinking water services (% of population)","SH.H2O.SMDW.ZS","Tajikistan","TJK","European Region",2021,55.26316675
"People using safely managed drinking water services (% of population)","SH.H2O.SMDW.ZS","Tanzania","TZA","African Region",2021,11.02063172
"People using safely managed drinking water services (% of population)","SH.H2O.SMDW.ZS","Togo","TGO","African Region",2021,19.12943514
"People using safely managed drinking water services (% of population)","SH.H2O.SMDW.ZS","Tonga","TON","Western Pacific Region",2021,29.50862047
"People using safely managed drinking water services (% of population)","SH.H2O.SMDW.ZS","Tunisia","TUN","Eastern Mediterranean Region",2021,74.10628117
"People using safely managed drinking water services (% of population)","SH.H2O.SMDW.ZS","Turkmenistan","TKM","European Region",2021,94.85705606
"People using safely managed drinking water services (% of population)","SH.H2O.SMDW.ZS","Tuvalu","TUV","Western Pacific Region",2021,8.667275936
"People using safely managed drinking water services (% of population)","SH.H2O.SMDW.ZS","Uganda","UGA","African Region",2021,17.70231604
"People using safely managed drinking water services (% of population)","SH.H2O.SMDW.ZS","Ukraine","UKR","European Region",2021,87.76939717
"People using safely managed drinking water services (% of population)","SH.H2O.SMDW.ZS","United Kingdom","GBR","European Region",2021,99.81627467
"People using safely managed drinking water services (% of population)","SH.H2O.SMDW.ZS","Uzbekistan","UZB","European Region",2021,78.81259694
"People using safely managed drinking water services (% of population)","SH.H2O.SMDW.ZS","Viet Nam","VNM","Western Pacific Region",2021,57.25798247
"People using safely managed drinking water services (% of population)","SH.H2O.SMDW.ZS","West Bank and Gaza","PSE","Eastern Mediterranean Region",2021,80.02319432
"People using safely managed drinking water services (% of population)","SH.H2O.SMDW.ZS","Zimbabwe","ZWE","African Region",2021,26.47699533
"People with basic handwashing facilities including soap and water (% of population)","SH.STA.HYGN.ZS","Armenia","ARM","European Region",2021,94.41437094
"People with basic handwashing facilities including soap and water (% of population)","SH.STA.HYGN.ZS","Benin","BEN","African Region",2021,12.08159587
"People with basic handwashing facilities including soap and water (% of population)","SH.STA.HYGN.ZS","Burkina Faso","BFA","African Region",2021,9.082437627
"People with basic handwashing facilities including soap and water (% of population)","SH.STA.HYGN.ZS","Madagascar","MDG","African Region",2021,23.47721334
"People with basic handwashing facilities including soap and water (% of population)","SH.STA.HYGN.ZS","Malawi","MWI","African Region",2021,15.30217362
"People with basic handwashing facilities including soap and water (% of population)","SH.STA.HYGN.ZS","Niger","NER","African Region",2021,24.5917837
"People with basic handwashing facilities including soap and water (% of population)","SH.STA.HYGN.ZS","Uganda","UGA","African Region",2021,29.47221871
"Water productivity, total (constant 2015 US$ GDP per cubic meter of total freshwater withdrawal)","ER.GDP.FWTL.M3.KD","Afghanistan","AFG","Eastern Mediterranean Region",2021,0.805896981
"Water productivity, total (constant 2015 US$ GDP per cubic meter of total freshwater withdrawal)","ER.GDP.FWTL.M3.KD","Albania","ALB","European Region",2021,17.15982371
"Water productivity, total (constant 2015 US$ GDP per cubic meter of total freshwater withdrawal)","ER.GDP.FWTL.M3.KD","Algeria","DZA","African Region",2021,20.35185556
"Water productivity, total (constant 2015 US$ GDP per cubic meter of total freshwater withdrawal)","ER.GDP.FWTL.M3.KD","Angola","AGO","African Region",2021,116.728556
"Water productivity, total (constant 2015 US$ GDP per cubic meter of total freshwater withdrawal)","ER.GDP.FWTL.M3.KD","Antigua and Barbuda","ATG","Region of the Americas",2021,337.3064923
"Water productivity, total (constant 2015 US$ GDP per cubic meter of total freshwater withdrawal)","ER.GDP.FWTL.M3.KD","Argentina","ARG","Region of the Americas",2021,15.08719965
"Water productivity, total (constant 2015 US$ GDP per cubic meter of total freshwater withdrawal)","ER.GDP.FWTL.M3.KD","Armenia","ARM","European Region",2021,4.258043781
"Water productivity, total (constant 2015 US$ GDP per cubic meter of total freshwater withdrawal)","ER.GDP.FWTL.M3.KD","Australia","AUS","Western Pacific Region",2021,133.0892836
"Water productivity, total (constant 2015 US$ GDP per cubic meter of total freshwater withdrawal)","ER.GDP.FWTL.M3.KD","Austria","AUT","European Region",2021,129.2412748
"Water productivity, total (constant 2015 US$ GDP per cubic meter of total freshwater withdrawal)","ER.GDP.FWTL.M3.KD","Azerbaijan","AZE","European Region",2021,4.178849323
"Water productivity, total (constant 2015 US$ GDP per cubic meter of total freshwater withdrawal)","ER.GDP.FWTL.M3.KD","Bahrain","BHR","Eastern Mediterranean Region",2021,233.625506
"Water productivity, total (constant 2015 US$ GDP per cubic meter of total freshwater withdrawal)","ER.GDP.FWTL.M3.KD","Barbados","BRB","Region of the Americas",2021,64.89290299
"Water productivity, total (constant 2015 US$ GDP per cubic meter of total freshwater withdrawal)","ER.GDP.FWTL.M3.KD","Belarus","BLR","European Region",2021,42.15699241
"Water productivity, total (constant 2015 US$ GDP per cubic meter of total freshwater withdrawal)","ER.GDP.FWTL.M3.KD","Belgium","BEL","European Region",2021,118.3034582
"Water productivity, total (constant 2015 US$ GDP per cubic meter of total freshwater withdrawal)","ER.GDP.FWTL.M3.KD","Belize","BLZ","Region of the Americas",2021,22.79817096
"Water productivity, total (constant 2015 US$ GDP per cubic meter of total freshwater withdrawal)","ER.GDP.FWTL.M3.KD","Benin","BEN","African Region",2021,121.3787612
"Water productivity, total (constant 2015 US$ GDP per cubic meter of total freshwater withdrawal)","ER.GDP.FWTL.M3.KD","Bolivia","BOL","Region of the Americas",2021,16.77443755
"Water productivity, total (constant 2015 US$ GDP per cubic meter of total freshwater withdrawal)","ER.GDP.FWTL.M3.KD","Bosnia and Herzegovina","BIH","European Region",2021,63.48462133
"Water productivity, total (constant 2015 US$ GDP per cubic meter of total freshwater withdrawal)","ER.GDP.FWTL.M3.KD","Botswana","BWA","African Region",2021,70.88716663
"Water productivity, total (constant 2015 US$ GDP per cubic meter of total freshwater withdrawal)","ER.GDP.FWTL.M3.KD","Brazil","BRA","Region of the Americas",2021,27.39386599
"Water productivity, total (constant 2015 US$ GDP per cubic meter of total freshwater withdrawal)","ER.GDP.FWTL.M3.KD","Brunei Darussalam","BRN","Western Pacific Region",2021,143.6481779
"Water productivity, total (constant 2015 US$ GDP per cubic meter of total freshwater withdrawal)","ER.GDP.FWTL.M3.KD","Bulgaria","BGR","European Region",2021,11.76490003
"Water productivity, total (constant 2015 US$ GDP per cubic meter of total freshwater withdrawal)","ER.GDP.FWTL.M3.KD","Burkina Faso","BFA","African Region",2021,20.04504912
"Water productivity, total (constant 2015 US$ GDP per cubic meter of total freshwater withdrawal)","ER.GDP.FWTL.M3.KD","Burundi","BDI","African Region",2021,11.84612398
"Water productivity, total (constant 2015 US$ GDP per cubic meter of total freshwater withdrawal)","ER.GDP.FWTL.M3.KD","Cameroon","CMR","African Region",2021,35.69913849
"Water productivity, total (constant 2015 US$ GDP per cubic meter of total freshwater withdrawal)","ER.GDP.FWTL.M3.KD","Canada","CAN","Region of the Americas",2021,46.79076796
"Water productivity, total (constant 2015 US$ GDP per cubic meter of total freshwater withdrawal)","ER.GDP.FWTL.M3.KD","Central African Republic","CAF","African Region",2021,27.92409692
"Water productivity, total (constant 2015 US$ GDP per cubic meter of total freshwater withdrawal)","ER.GDP.FWTL.M3.KD","Chad","TCD","African Region",2021,11.63772112
"Water productivity, total (constant 2015 US$ GDP per cubic meter of total freshwater withdrawal)","ER.GDP.FWTL.M3.KD","Chile","CHL","Region of the Americas",2021,7.73119413
"Water productivity, total (constant 2015 US$ GDP per cubic meter of total freshwater withdrawal)","ER.GDP.FWTL.M3.KD","China","CHN","Western Pacific Region",2021,27.88361406
"Water productivity, total (constant 2015 US$ GDP per cubic meter of total freshwater withdrawal)","ER.GDP.FWTL.M3.KD","Colombia","COL","Region of the Americas",2021,11.26870641
"Water productivity, total (constant 2015 US$ GDP per cubic meter of total freshwater withdrawal)","ER.GDP.FWTL.M3.KD","Comoros","COM","African Region",2021,111.2522619
"Water productivity, total (constant 2015 US$ GDP per cubic meter of total freshwater withdrawal)","ER.GDP.FWTL.M3.KD","Congo, Dem. Rep.","COD","African Region",2021,70.31287346
"Water productivity, total (constant 2015 US$ GDP per cubic meter of total freshwater withdrawal)","ER.GDP.FWTL.M3.KD","Congo, Rep.","COG","African Region",2021,217.9839493
"Water productivity, total (constant 2015 US$ GDP per cubic meter of total freshwater withdrawal)","ER.GDP.FWTL.M3.KD","Cote d'Ivoire","CIV","African Region",2021,54.75128437
"Water productivity, total (constant 2015 US$ GDP per cubic meter of total freshwater withdrawal)","ER.GDP.FWTL.M3.KD","Cuba","CUB","Region of the Americas",2021,11.79514709
"Water productivity, total (constant 2015 US$ GDP per cubic meter of total freshwater withdrawal)","ER.GDP.FWTL.M3.KD","Cyprus","CYP","European Region",2021,115.8122901
"Water productivity, total (constant 2015 US$ GDP per cubic meter of total freshwater withdrawal)","ER.GDP.FWTL.M3.KD","Czechia","CZE","European Region",2021,158.6681395
"Water productivity, total (constant 2015 US$ GDP per cubic meter of total freshwater withdrawal)","ER.GDP.FWTL.M3.KD","Denmark","DNK","European Region",2021,358.7103971
"Water productivity, total (constant 2015 US$ GDP per cubic meter of total freshwater withdrawal)","ER.GDP.FWTL.M3.KD","Dominica","DMA","Region of the Americas",2021,25.26625028
"Water productivity, total (constant 2015 US$ GDP per cubic meter of total freshwater withdrawal)","ER.GDP.FWTL.M3.KD","Dominican Republic","DOM","Region of the Americas",2021,13.1018702
"Water productivity, total (constant 2015 US$ GDP per cubic meter of total freshwater withdrawal)","ER.GDP.FWTL.M3.KD","Ecuador","ECU","Region of the Americas",2021,10.40740689
"Water productivity, total (constant 2015 US$ GDP per cubic meter of total freshwater withdrawal)","ER.GDP.FWTL.M3.KD","Egypt, Arab Rep.","EGY","Eastern Mediterranean Region",2021,5.493903709
"Water productivity, total (constant 2015 US$ GDP per cubic meter of total freshwater withdrawal)","ER.GDP.FWTL.M3.KD","El Salvador","SLV","Region of the Americas",2021,12.54567102
"Water productivity, total (constant 2015 US$ GDP per cubic meter of total freshwater withdrawal)","ER.GDP.FWTL.M3.KD","Equatorial Guinea","GNQ","African Region",2021,487.4790552
"Water productivity, total (constant 2015 US$ GDP per cubic meter of total freshwater withdrawal)","ER.GDP.FWTL.M3.KD","Estonia","EST","European Region",2021,28.42437091
"Water productivity, total (constant 2015 US$ GDP per cubic meter of total freshwater withdrawal)","ER.GDP.FWTL.M3.KD","Eswatini","SWZ","African Region",2021,4.091184104
"Water productivity, total (constant 2015 US$ GDP per cubic meter of total freshwater withdrawal)","ER.GDP.FWTL.M3.KD","Fiji","FJI","Western Pacific Region",2021,48.48052203
"Water productivity, total (constant 2015 US$ GDP per cubic meter of total freshwater withdrawal)","ER.GDP.FWTL.M3.KD","Finland","FIN","European Region",2021,84.62624654
"Water productivity, total (constant 2015 US$ GDP per cubic meter of total freshwater withdrawal)","ER.GDP.FWTL.M3.KD","France","FRA","European Region",2021,104.5787576
"Water productivity, total (constant 2015 US$ GDP per cubic meter of total freshwater withdrawal)","ER.GDP.FWTL.M3.KD","Gabon","GAB","African Region",2021,110.7037981
"Water productivity, total (constant 2015 US$ GDP per cubic meter of total freshwater withdrawal)","ER.GDP.FWTL.M3.KD","Gambia, The","GMB","African Region",2021,17.48170748
"Water productivity, total (constant 2015 US$ GDP per cubic meter of total freshwater withdrawal)","ER.GDP.FWTL.M3.KD","Georgia","GEO","European Region",2021,11.92854695
"Water productivity, total (constant 2015 US$ GDP per cubic meter of total freshwater withdrawal)","ER.GDP.FWTL.M3.KD","Germany","DEU","European Region",2021,141.5991405
"Water productivity, total (constant 2015 US$ GDP per cubic meter of total freshwater withdrawal)","ER.GDP.FWTL.M3.KD","Ghana","GHA","African Region",2021,45.54283405
"Water productivity, total (constant 2015 US$ GDP per cubic meter of total freshwater withdrawal)","ER.GDP.FWTL.M3.KD","Greece","GRC","European Region",2021,19.8823576
"Water productivity, total (constant 2015 US$ GDP per cubic meter of total freshwater withdrawal)","ER.GDP.FWTL.M3.KD","Guinea","GIN","African Region",2021,14.99909926
"Water productivity, total (constant 2015 US$ GDP per cubic meter of total freshwater withdrawal)","ER.GDP.FWTL.M3.KD","Guinea-Bissau","GNB","African Region",2021,8.576816566
"Water productivity, total (constant 2015 US$ GDP per cubic meter of total freshwater withdrawal)","ER.GDP.FWTL.M3.KD","Guyana","GUY","Region of the Americas",2021,6.046544772
"Water productivity, total (constant 2015 US$ GDP per cubic meter of total freshwater withdrawal)","ER.GDP.FWTL.M3.KD","Haiti","HTI","Region of the Americas",2021,10.14079289
"Water productivity, total (constant 2015 US$ GDP per cubic meter of total freshwater withdrawal)","ER.GDP.FWTL.M3.KD","Hungary","HUN","European Region",2021,32.25418897
"Water productivity, total (constant 2015 US$ GDP per cubic meter of total freshwater withdrawal)","ER.GDP.FWTL.M3.KD","Iceland","ISL","European Region",2021,70.01671149
"Water productivity, total (constant 2015 US$ GDP per cubic meter of total freshwater withdrawal)","ER.GDP.FWTL.M3.KD","India","IND","South-East Asia Region",2021,4.292429744
"Water productivity, total (constant 2015 US$ GDP per cubic meter of total freshwater withdrawal)","ER.GDP.FWTL.M3.KD","Indonesia","IDN","South-East Asia Region",2021,4.786799593
"Water productivity, total (constant 2015 US$ GDP per cubic meter of total freshwater withdrawal)","ER.GDP.FWTL.M3.KD","Iran, Islamic Rep.","IRN","Eastern Mediterranean Region",2021,5.068034873
"Water productivity, total (constant 2015 US$ GDP per cubic meter of total freshwater withdrawal)","ER.GDP.FWTL.M3.KD","Iraq","IRQ","Eastern Mediterranean Region",2021,4.246337957
"Water productivity, total (constant 2015 US$ GDP per cubic meter of total freshwater withdrawal)","ER.GDP.FWTL.M3.KD","Ireland","IRL","European Region",2021,299.8378928
"Water productivity, total (constant 2015 US$ GDP per cubic meter of total freshwater withdrawal)","ER.GDP.FWTL.M3.KD","Israel","ISR","European Region",2021,250.5865536
"Water productivity, total (constant 2015 US$ GDP per cubic meter of total freshwater withdrawal)","ER.GDP.FWTL.M3.KD","Italy","ITA","European Region",2021,56.71249887
"Water productivity, total (constant 2015 US$ GDP per cubic meter of total freshwater withdrawal)","ER.GDP.FWTL.M3.KD","Jamaica","JAM","Region of the Americas",2021,10.49970631
"Water productivity, total (constant 2015 US$ GDP per cubic meter of total freshwater withdrawal)","ER.GDP.FWTL.M3.KD","Japan","JPN","Western Pacific Region",2021,57.23234241
"Water productivity, total (constant 2015 US$ GDP per cubic meter of total freshwater withdrawal)","ER.GDP.FWTL.M3.KD","Jordan","JOR","Eastern Mediterranean Region",2021,46.31996144
"Water productivity, total (constant 2015 US$ GDP per cubic meter of total freshwater withdrawal)","ER.GDP.FWTL.M3.KD","Kazakhstan","KAZ","European Region",2021,8.732150725
"Water productivity, total (constant 2015 US$ GDP per cubic meter of total freshwater withdrawal)","ER.GDP.FWTL.M3.KD","Kenya","KEN","African Region",2021,22.42406168
"Water productivity, total (constant 2015 US$ GDP per cubic meter of total freshwater withdrawal)","ER.GDP.FWTL.M3.KD","Korea, Rep.","KOR","Western Pacific Region",2021,58.10676823
"Water productivity, total (constant 2015 US$ GDP per cubic meter of total freshwater withdrawal)","ER.GDP.FWTL.M3.KD","Kuwait","KWT","Eastern Mediterranean Region",2021,149.2408261
"Water productivity, total (constant 2015 US$ GDP per cubic meter of total freshwater withdrawal)","ER.GDP.FWTL.M3.KD","Kyrgyz Republic","KGZ","European Region",2021,1.00679717
"Water productivity, total (constant 2015 US$ GDP per cubic meter of total freshwater withdrawal)","ER.GDP.FWTL.M3.KD","Latvia","LVA","European Region",2021,167.1278191
"Water productivity, total (constant 2015 US$ GDP per cubic meter of total freshwater withdrawal)","ER.GDP.FWTL.M3.KD","Lebanon","LBN","Eastern Mediterranean Region",2021,18.85029831
"Water productivity, total (constant 2015 US$ GDP per cubic meter of total freshwater withdrawal)","ER.GDP.FWTL.M3.KD","Lesotho","LSO","African Region",2021,49.32130012
"Water productivity, total (constant 2015 US$ GDP per cubic meter of total freshwater withdrawal)","ER.GDP.FWTL.M3.KD","Liberia","LBR","African Region",2021,22.41891806
"Water productivity, total (constant 2015 US$ GDP per cubic meter of total freshwater withdrawal)","ER.GDP.FWTL.M3.KD","Libya","LBY","Eastern Mediterranean Region",2021,9.646694324
"Water productivity, total (constant 2015 US$ GDP per cubic meter of total freshwater withdrawal)","ER.GDP.FWTL.M3.KD","Lithuania","LTU","European Region",2021,205.0032998
"Water productivity, total (constant 2015 US$ GDP per cubic meter of total freshwater withdrawal)","ER.GDP.FWTL.M3.KD","Luxembourg","LUX","European Region",2021,1478.65347
"Water productivity, total (constant 2015 US$ GDP per cubic meter of total freshwater withdrawal)","ER.GDP.FWTL.M3.KD","Madagascar","MDG","African Region",2021,0.962139053
"Water productivity, total (constant 2015 US$ GDP per cubic meter of total freshwater withdrawal)","ER.GDP.FWTL.M3.KD","Malawi","MWI","African Region",2021,8.421517497
"Water productivity, total (constant 2015 US$ GDP per cubic meter of total freshwater withdrawal)","ER.GDP.FWTL.M3.KD","Malaysia","MYS","Western Pacific Region",2021,53.09895696
"Water productivity, total (constant 2015 US$ GDP per cubic meter of total freshwater withdrawal)","ER.GDP.FWTL.M3.KD","Maldives","MDV","South-East Asia Region",2021,1078.293406
"Water productivity, total (constant 2015 US$ GDP per cubic meter of total freshwater withdrawal)","ER.GDP.FWTL.M3.KD","Mali","MLI","African Region",2021,3.145770247
"Water productivity, total (constant 2015 US$ GDP per cubic meter of total freshwater withdrawal)","ER.GDP.FWTL.M3.KD","Malta","MLT","European Region",2021,412.1474783
"Water productivity, total (constant 2015 US$ GDP per cubic meter of total freshwater withdrawal)","ER.GDP.FWTL.M3.KD","Mauritania","MRT","African Region",2021,5.339327899
"Water productivity, total (constant 2015 US$ GDP per cubic meter of total freshwater withdrawal)","ER.GDP.FWTL.M3.KD","Mauritius","MUS","African Region",2021,20.29304688
"Water productivity, total (constant 2015 US$ GDP per cubic meter of total freshwater withdrawal)","ER.GDP.FWTL.M3.KD","Mexico","MEX","Region of the Americas",2021,13.80601746
"Water productivity, total (constant 2015 US$ GDP per cubic meter of total freshwater withdrawal)","ER.GDP.FWTL.M3.KD","Moldova","MDA","European Region",2021,11.31652229
"Water productivity, total (constant 2015 US$ GDP per cubic meter of total freshwater withdrawal)","ER.GDP.FWTL.M3.KD","Monaco","MCO","European Region",2021,1500.047031
"Water productivity, total (constant 2015 US$ GDP per cubic meter of total freshwater withdrawal)","ER.GDP.FWTL.M3.KD","Mongolia","MNG","Western Pacific Region",2021,29.73606343
"Water productivity, total (constant 2015 US$ GDP per cubic meter of total freshwater withdrawal)","ER.GDP.FWTL.M3.KD","Morocco","MAR","Eastern Mediterranean Region",2021,11.74081444
"Water productivity, total (constant 2015 US$ GDP per cubic meter of total freshwater withdrawal)","ER.GDP.FWTL.M3.KD","Mozambique","MOZ","African Region",2021,12.66193529
"Water productivity, total (constant 2015 US$ GDP per cubic meter of total freshwater withdrawal)","ER.GDP.FWTL.M3.KD","Myanmar","MMR","South-East Asia Region",2021,1.826634868
"Water productivity, total (constant 2015 US$ GDP per cubic meter of total freshwater withdrawal)","ER.GDP.FWTL.M3.KD","Namibia","NAM","African Region",2021,37.98384868
"Water productivity, total (constant 2015 US$ GDP per cubic meter of total freshwater withdrawal)","ER.GDP.FWTL.M3.KD","Nepal","NPL","South-East Asia Region",2021,3.29845024
"Water productivity, total (constant 2015 US$ GDP per cubic meter of total freshwater withdrawal)","ER.GDP.FWTL.M3.KD","Netherlands","NLD","European Region",2021,109.8398894
"Water productivity, total (constant 2015 US$ GDP per cubic meter of total freshwater withdrawal)","ER.GDP.FWTL.M3.KD","New Zealand","NZL","Western Pacific Region",2021,21.33847034
"Water productivity, total (constant 2015 US$ GDP per cubic meter of total freshwater withdrawal)","ER.GDP.FWTL.M3.KD","Nicaragua","NIC","Region of the Americas",2021,11.14975166
"Water productivity, total (constant 2015 US$ GDP per cubic meter of total freshwater withdrawal)","ER.GDP.FWTL.M3.KD","Niger","NER","African Region",2021,4.963042995
"Water productivity, total (constant 2015 US$ GDP per cubic meter of total freshwater withdrawal)","ER.GDP.FWTL.M3.KD","Nigeria","NGA","African Region",2021,41.57125684
"Water productivity, total (constant 2015 US$ GDP per cubic meter of total freshwater withdrawal)","ER.GDP.FWTL.M3.KD","North Macedonia","MKD","European Region",2021,7.101807794
"Water productivity, total (constant 2015 US$ GDP per cubic meter of total freshwater withdrawal)","ER.GDP.FWTL.M3.KD","Norway","NOR","European Region",2021,159.2573838
"Water productivity, total (constant 2015 US$ GDP per cubic meter of total freshwater withdrawal)","ER.GDP.FWTL.M3.KD","Oman","OMN","Eastern Mediterranean Region",2021,50.3786904
"Water productivity, total (constant 2015 US$ GDP per cubic meter of total freshwater withdrawal)","ER.GDP.FWTL.M3.KD","Pakistan","PAK","Eastern Mediterranean Region",2021,1.445829817
"Water productivity, total (constant 2015 US$ GDP per cubic meter of total freshwater withdrawal)","ER.GDP.FWTL.M3.KD","Papua New Guinea","PNG","Western Pacific Region",2021,60.73549679
"Water productivity, total (constant 2015 US$ GDP per cubic meter of total freshwater withdrawal)","ER.GDP.FWTL.M3.KD","Paraguay","PRY","Region of the Americas",2021,17.39081239
"Water productivity, total (constant 2015 US$ GDP per cubic meter of total freshwater withdrawal)","ER.GDP.FWTL.M3.KD","Poland","POL","European Region",2021,65.32181213
"Water productivity, total (constant 2015 US$ GDP per cubic meter of total freshwater withdrawal)","ER.GDP.FWTL.M3.KD","Portugal","PRT","European Region",2021,35.07351325
"Water productivity, total (constant 2015 US$ GDP per cubic meter of total freshwater withdrawal)","ER.GDP.FWTL.M3.KD","Puerto Rico","PRI","Region of the Americas",2021,105.9602616
"Water productivity, total (constant 2015 US$ GDP per cubic meter of total freshwater withdrawal)","ER.GDP.FWTL.M3.KD","Qatar","QAT","Eastern Mediterranean Region",2021,656.1713123
"Water productivity, total (constant 2015 US$ GDP per cubic meter of total freshwater withdrawal)","ER.GDP.FWTL.M3.KD","Romania","ROU","European Region",2021,28.2258931
"Water productivity, total (constant 2015 US$ GDP per cubic meter of total freshwater withdrawal)","ER.GDP.FWTL.M3.KD","Russian Federation","RUS","European Region",2021,23.181812
"Water productivity, total (constant 2015 US$ GDP per cubic meter of total freshwater withdrawal)","ER.GDP.FWTL.M3.KD","Rwanda","RWA","African Region",2021,19.62275709
"Water productivity, total (constant 2015 US$ GDP per cubic meter of total freshwater withdrawal)","ER.GDP.FWTL.M3.KD","Sao Tome and Principe","STP","African Region",2021,7.751197011
"Water productivity, total (constant 2015 US$ GDP per cubic meter of total freshwater withdrawal)","ER.GDP.FWTL.M3.KD","Saudi Arabia","SAU","Eastern Mediterranean Region",2021,31.11863994
"Water productivity, total (constant 2015 US$ GDP per cubic meter of total freshwater withdrawal)","ER.GDP.FWTL.M3.KD","Senegal","SEN","African Region",2021,7.956492286
"Water productivity, total (constant 2015 US$ GDP per cubic meter of total freshwater withdrawal)","ER.GDP.FWTL.M3.KD","Seychelles","SYC","African Region",2021,149.4498388
"Water productivity, total (constant 2015 US$ GDP per cubic meter of total freshwater withdrawal)","ER.GDP.FWTL.M3.KD","Sierra Leone","SLE","African Region",2021,39.48265241
"Water productivity, total (constant 2015 US$ GDP per cubic meter of total freshwater withdrawal)","ER.GDP.FWTL.M3.KD","Singapore","SGP","Western Pacific Region",2021,739.6667737
"Water productivity, total (constant 2015 US$ GDP per cubic meter of total freshwater withdrawal)","ER.GDP.FWTL.M3.KD","Slovak Republic","SVK","European Region",2021,181.0491605
"Water productivity, total (constant 2015 US$ GDP per cubic meter of total freshwater withdrawal)","ER.GDP.FWTL.M3.KD","Somalia","SOM","Eastern Mediterranean Region",2021,2.418639728
"Water productivity, total (constant 2015 US$ GDP per cubic meter of total freshwater withdrawal)","ER.GDP.FWTL.M3.KD","South Africa","ZAF","African Region",2021,16.9469127
"Water productivity, total (constant 2015 US$ GDP per cubic meter of total freshwater withdrawal)","ER.GDP.FWTL.M3.KD","Spain","ESP","European Region",2021,43.65969874
"Water productivity, total (constant 2015 US$ GDP per cubic meter of total freshwater withdrawal)","ER.GDP.FWTL.M3.KD","Sri Lanka","LKA","South-East Asia Region",2021,7.462746236
"Water productivity, total (constant 2015 US$ GDP per cubic meter of total freshwater withdrawal)","ER.GDP.FWTL.M3.KD","St. Vincent and the Grenadines","VCT","Region of the Americas",2021,105.9605562
"Water productivity, total (constant 2015 US$ GDP per cubic meter of total freshwater withdrawal)","ER.GDP.FWTL.M3.KD","Suriname","SUR","Region of the Americas",2021,6.996500333
"Water productivity, total (constant 2015 US$ GDP per cubic meter of total freshwater withdrawal)","ER.GDP.FWTL.M3.KD","Sweden","SWE","European Region",2021,228.4445904
"Water productivity, total (constant 2015 US$ GDP per cubic meter of total freshwater withdrawal)","ER.GDP.FWTL.M3.KD","Switzerland","CHE","European Region",2021,452.1885063
"Water productivity, total (constant 2015 US$ GDP per cubic meter of total freshwater withdrawal)","ER.GDP.FWTL.M3.KD","Syrian Arab Republic","SYR","Eastern Mediterranean Region",2021,1.137377687
"Water productivity, total (constant 2015 US$ GDP per cubic meter of total freshwater withdrawal)","ER.GDP.FWTL.M3.KD","Tajikistan","TJK","European Region",2021,1.178947394
"Water productivity, total (constant 2015 US$ GDP per cubic meter of total freshwater withdrawal)","ER.GDP.FWTL.M3.KD","Tanzania","TZA","African Region",2021,12.38935794
"Water productivity, total (constant 2015 US$ GDP per cubic meter of total freshwater withdrawal)","ER.GDP.FWTL.M3.KD","Togo","TGO","African Region",2021,33.25207945
"Water productivity, total (constant 2015 US$ GDP per cubic meter of total freshwater withdrawal)","ER.GDP.FWTL.M3.KD","Trinidad and Tobago","TTO","Region of the Americas",2021,63.52225677
"Water productivity, total (constant 2015 US$ GDP per cubic meter of total freshwater withdrawal)","ER.GDP.FWTL.M3.KD","Tunisia","TUN","Eastern Mediterranean Region",2021,12.16880446
"Water productivity, total (constant 2015 US$ GDP per cubic meter of total freshwater withdrawal)","ER.GDP.FWTL.M3.KD","Turkiye","TUR","European Region",2021,19.37971684
"Water productivity, total (constant 2015 US$ GDP per cubic meter of total freshwater withdrawal)","ER.GDP.FWTL.M3.KD","Turkmenistan","TKM","European Region",2021,1.958778671
"Water productivity, total (constant 2015 US$ GDP per cubic meter of total freshwater withdrawal)","ER.GDP.FWTL.M3.KD","Uganda","UGA","African Region",2021,66.26465613
"Water productivity, total (constant 2015 US$ GDP per cubic meter of total freshwater withdrawal)","ER.GDP.FWTL.M3.KD","Ukraine","UKR","European Region",2021,10.73042895
"Water productivity, total (constant 2015 US$ GDP per cubic meter of total freshwater withdrawal)","ER.GDP.FWTL.M3.KD","United Arab Emirates","ARE","Eastern Mediterranean Region",2021,173.9288221
"Water productivity, total (constant 2015 US$ GDP per cubic meter of total freshwater withdrawal)","ER.GDP.FWTL.M3.KD","United Kingdom","GBR","European Region",2021,365.2162227
"Water productivity, total (constant 2015 US$ GDP per cubic meter of total freshwater withdrawal)","ER.GDP.FWTL.M3.KD","United States","USA","Region of the Americas",2021,47.07028907
"Water productivity, total (constant 2015 US$ GDP per cubic meter of total freshwater withdrawal)","ER.GDP.FWTL.M3.KD","Uruguay","URY","Region of the Americas",2021,16.11598488
"Water productivity, total (constant 2015 US$ GDP per cubic meter of total freshwater withdrawal)","ER.GDP.FWTL.M3.KD","Uzbekistan","UZB","European Region",2021,2.774965234
"Water productivity, total (constant 2015 US$ GDP per cubic meter of total freshwater withdrawal)","ER.GDP.FWTL.M3.KD","Viet Nam","VNM","Western Pacific Region",2021,4.058605487
"Water productivity, total (constant 2015 US$ GDP per cubic meter of total freshwater withdrawal)","ER.GDP.FWTL.M3.KD","West Bank and Gaza","PSE","Eastern Mediterranean Region",2021,44.8676822
"Water productivity, total (constant 2015 US$ GDP per cubic meter of total freshwater withdrawal)","ER.GDP.FWTL.M3.KD","Yemen, Rep.","YEM","Eastern Mediterranean Region",2021,9.544256639
"Water productivity, total (constant 2015 US$ GDP per cubic meter of total freshwater withdrawal)","ER.GDP.FWTL.M3.KD","Zambia","ZMB","African Region",2021,15.82639869
"Water productivity, total (constant 2015 US$ GDP per cubic meter of total freshwater withdrawal)","ER.GDP.FWTL.M3.KD","Zimbabwe","ZWE","African Region",2021,4.199629866
"People using at least basic sanitation services (% of population)","SH.STA.BASS.ZS","Afghanistan","AFG","Eastern Mediterranean Region",2021,54.29858974
"People using at least basic sanitation services (% of population)","SH.STA.BASS.ZS","Albania","ALB","European Region",2021,99.29903344
"People using at least basic sanitation services (% of population)","SH.STA.BASS.ZS","Algeria","DZA","African Region",2021,85.78430125
"People using at least basic sanitation services (% of population)","SH.STA.BASS.ZS","Andorra","AND","European Region",2021,100
"People using at least basic sanitation services (% of population)","SH.STA.BASS.ZS","Angola","AGO","African Region",2021,51.92168436
"People using at least basic sanitation services (% of population)","SH.STA.BASS.ZS","Armenia","ARM","European Region",2021,93.95624553
"People using at least basic sanitation services (% of population)","SH.STA.BASS.ZS","Australia","AUS","Western Pacific Region",2021,100
"People using at least basic sanitation services (% of population)","SH.STA.BASS.ZS","Austria","AUT","European Region",2021,99.97248981
"People using at least basic sanitation services (% of population)","SH.STA.BASS.ZS","Bahrain","BHR","Eastern Mediterranean Region",2021,100
"People using at least basic sanitation services (% of population)","SH.STA.BASS.ZS","Bangladesh","BGD","South-East Asia Region",2021,57.93662462
"People using at least basic sanitation services (% of population)","SH.STA.BASS.ZS","Barbados","BRB","Region of the Americas",2021,98.09246231
"People using at least basic sanitation services (% of population)","SH.STA.BASS.ZS","Belarus","BLR","European Region",2021,99.53949135
"People using at least basic sanitation services (% of population)","SH.STA.BASS.ZS","Belgium","BEL","European Region",2021,99.48621112
"People using at least basic sanitation services (% of population)","SH.STA.BASS.ZS","Belize","BLZ","Region of the Americas",2021,88.23173187
"People using at least basic sanitation services (% of population)","SH.STA.BASS.ZS","Benin","BEN","African Region",2021,19.38161441
"People using at least basic sanitation services (% of population)","SH.STA.BASS.ZS","Bhutan","BTN","South-East Asia Region",2021,77.94885785
"People using at least basic sanitation services (% of population)","SH.STA.BASS.ZS","Bolivia","BOL","Region of the Americas",2021,67.53988761
"People using at least basic sanitation services (% of population)","SH.STA.BASS.ZS","Botswana","BWA","African Region",2021,80.29222882
"People using at least basic sanitation services (% of population)","SH.STA.BASS.ZS","Brazil","BRA","Region of the Americas",2021,90.81098524
"People using at least basic sanitation services (% of population)","SH.STA.BASS.ZS","Brunei Darussalam","BRN","Western Pacific Region",2021,98.26419
"People using at least basic sanitation services (% of population)","SH.STA.BASS.ZS","Bulgaria","BGR","European Region",2021,86.04550718
"People using at least basic sanitation services (% of population)","SH.STA.BASS.ZS","Burkina Faso","BFA","African Region",2021,24.04111945
"People using at least basic sanitation services (% of population)","SH.STA.BASS.ZS","Burundi","BDI","African Region",2021,45.70933139
"People using at least basic sanitation services (% of population)","SH.STA.BASS.ZS","Cabo Verde","CPV","African Region",2021,83.00309009
"People using at least basic sanitation services (% of population)","SH.STA.BASS.ZS","Cambodia","KHM","Western Pacific Region",2021,73.55414221
"People using at least basic sanitation services (% of population)","SH.STA.BASS.ZS","Cameroon","CMR","African Region",2021,42.90563215
"People using at least basic sanitation services (% of population)","SH.STA.BASS.ZS","Canada","CAN","Region of the Americas",2021,98.58856609
"People using at least basic sanitation services (% of population)","SH.STA.BASS.ZS","Central African Republic","CAF","African Region",2021,13.75750675
"People using at least basic sanitation services (% of population)","SH.STA.BASS.ZS","Chad","TCD","African Region",2021,12.82351803
"People using at least basic sanitation services (% of population)","SH.STA.BASS.ZS","Chile","CHL","Region of the Americas",2021,100
"People using at least basic sanitation services (% of population)","SH.STA.BASS.ZS","China","CHN","Western Pacific Region",2021,94.3857566
"People using at least basic sanitation services (% of population)","SH.STA.BASS.ZS","Colombia","COL","Region of the Americas",2021,93.87267778
"People using at least basic sanitation services (% of population)","SH.STA.BASS.ZS","Congo, Dem. Rep.","COD","African Region",2021,16.14617128
"People using at least basic sanitation services (% of population)","SH.STA.BASS.ZS","Congo, Rep.","COG","African Region",2021,20.55481021
"People using at least basic sanitation services (% of population)","SH.STA.BASS.ZS","Costa Rica","CRI","Region of the Americas",2021,98.21146649
"People using at least basic sanitation services (% of population)","SH.STA.BASS.ZS","Cote d'Ivoire","CIV","African Region",2021,36.29103796
"People using at least basic sanitation services (% of population)","SH.STA.BASS.ZS","Croatia","HRV","European Region",2021,96.17281675
"People using at least basic sanitation services (% of population)","SH.STA.BASS.ZS","Cuba","CUB","Region of the Americas",2021,91.65102777
"People using at least basic sanitation services (% of population)","SH.STA.BASS.ZS","Cyprus","CYP","European Region",2021,99.39628037
"People using at least basic sanitation services (% of population)","SH.STA.BASS.ZS","Czechia","CZE","European Region",2021,99.13663696
"People using at least basic sanitation services (% of population)","SH.STA.BASS.ZS","Denmark","DNK","European Region",2021,99.59722775
"People using at least basic sanitation services (% of population)","SH.STA.BASS.ZS","Djibouti","DJI","Eastern Mediterranean Region",2021,66.81163052
"People using at least basic sanitation services (% of population)","SH.STA.BASS.ZS","Dominican Republic","DOM","Region of the Americas",2021,88.19322412
"People using at least basic sanitation services (% of population)","SH.STA.BASS.ZS","Ecuador","ECU","Region of the Americas",2021,91.74269119
"People using at least basic sanitation services (% of population)","SH.STA.BASS.ZS","Egypt, Arab Rep.","EGY","Eastern Mediterranean Region",2021,97.52465032
"People using at least basic sanitation services (% of population)","SH.STA.BASS.ZS","El Salvador","SLV","Region of the Americas",2021,87.39150657
"People using at least basic sanitation services (% of population)","SH.STA.BASS.ZS","Estonia","EST","European Region",2021,99.07052961
"People using at least basic sanitation services (% of population)","SH.STA.BASS.ZS","Eswatini","SWZ","African Region",2021,64.45544122
"People using at least basic sanitation services (% of population)","SH.STA.BASS.ZS","Ethiopia","ETH","African Region",2021,9.254780256
"People using at least basic sanitation services (% of population)","SH.STA.BASS.ZS","Fiji","FJI","Western Pacific Region",2021,93.33286119
"People using at least basic sanitation services (% of population)","SH.STA.BASS.ZS","Finland","FIN","European Region",2021,99.44795371
"People using at least basic sanitation services (% of population)","SH.STA.BASS.ZS","France","FRA","European Region",2021,98.64680212
"People using at least basic sanitation services (% of population)","SH.STA.BASS.ZS","Gabon","GAB","African Region",2021,49.86126712
"People using at least basic sanitation services (% of population)","SH.STA.BASS.ZS","Gambia, The","GMB","African Region",2021,47.5364175
"People using at least basic sanitation services (% of population)","SH.STA.BASS.ZS","Georgia","GEO","European Region",2021,86.34158816
"People using at least basic sanitation services (% of population)","SH.STA.BASS.ZS","Germany","DEU","European Region",2021,99.22589221
"People using at least basic sanitation services (% of population)","SH.STA.BASS.ZS","Ghana","GHA","African Region",2021,27.37524341
"People using at least basic sanitation services (% of population)","SH.STA.BASS.ZS","Greece","GRC","European Region",2021,98.99718129
"People using at least basic sanitation services (% of population)","SH.STA.BASS.ZS","Guatemala","GTM","Region of the Americas",2021,69.07803382
"People using at least basic sanitation services (% of population)","SH.STA.BASS.ZS","Guinea","GIN","African Region",2021,30.02584807
"People using at least basic sanitation services (% of population)","SH.STA.BASS.ZS","Guinea-Bissau","GNB","African Region",2021,27.73388843
"People using at least basic sanitation services (% of population)","SH.STA.BASS.ZS","Guyana","GUY","Region of the Americas",2021,90.37556909
"People using at least basic sanitation services (% of population)","SH.STA.BASS.ZS","Haiti","HTI","Region of the Americas",2021,37.30085203
"People using at least basic sanitation services (% of population)","SH.STA.BASS.ZS","Honduras","HND","Region of the Americas",2021,83.6021801
"People using at least basic sanitation services (% of population)","SH.STA.BASS.ZS","Hungary","HUN","European Region",2021,97.98123614
"People using at least basic sanitation services (% of population)","SH.STA.BASS.ZS","Iceland","ISL","European Region",2021,98.77995186
"People using at least basic sanitation services (% of population)","SH.STA.BASS.ZS","India","IND","South-East Asia Region",2021,75.48373765
"People using at least basic sanitation services (% of population)","SH.STA.BASS.ZS","Indonesia","IDN","South-East Asia Region",2021,86.65563517
"People using at least basic sanitation services (% of population)","SH.STA.BASS.ZS","Iran, Islamic Rep.","IRN","Eastern Mediterranean Region",2021,90.316227
"People using at least basic sanitation services (% of population)","SH.STA.BASS.ZS","Iraq","IRQ","Eastern Mediterranean Region",2021,98.4959695
"People using at least basic sanitation services (% of population)","SH.STA.BASS.ZS","Ireland","IRL","European Region",2021,89.27316773
"People using at least basic sanitation services (% of population)","SH.STA.BASS.ZS","Israel","ISR","European Region",2021,99.93018145
"People using at least basic sanitation services (% of population)","SH.STA.BASS.ZS","Italy","ITA","European Region",2021,99.88509676
"People using at least basic sanitation services (% of population)","SH.STA.BASS.ZS","Jamaica","JAM","Region of the Americas",2021,86.58008765
"People using at least basic sanitation services (% of population)","SH.STA.BASS.ZS","Japan","JPN","Western Pacific Region",2021,99.94063521
"People using at least basic sanitation services (% of population)","SH.STA.BASS.ZS","Jordan","JOR","Eastern Mediterranean Region",2021,97.14098702
"People using at least basic sanitation services (% of population)","SH.STA.BASS.ZS","Kazakhstan","KAZ","European Region",2021,97.86416761
"People using at least basic sanitation services (% of population)","SH.STA.BASS.ZS","Kenya","KEN","African Region",2021,36.11475567
"People using at least basic sanitation services (% of population)","SH.STA.BASS.ZS","Kiribati","KIR","Western Pacific Region",2021,44.50615694
"People using at least basic sanitation services (% of population)","SH.STA.BASS.ZS","Korea, Rep.","KOR","Western Pacific Region",2021,99.82919171
"People using at least basic sanitation services (% of population)","SH.STA.BASS.ZS","Kuwait","KWT","Eastern Mediterranean Region",2021,100
"People using at least basic sanitation services (% of population)","SH.STA.BASS.ZS","Kyrgyz Republic","KGZ","European Region",2021,97.87835831
"People using at least basic sanitation services (% of population)","SH.STA.BASS.ZS","Lao PDR","LAO","Western Pacific Region",2021,79.32395782
"People using at least basic sanitation services (% of population)","SH.STA.BASS.ZS","Latvia","LVA","European Region",2021,92.43718112
"People using at least basic sanitation services (% of population)","SH.STA.BASS.ZS","Lebanon","LBN","Eastern Mediterranean Region",2021,99.2
"People using at least basic sanitation services (% of population)","SH.STA.BASS.ZS","Lesotho","LSO","African Region",2021,50.29886812
"People using at least basic sanitation services (% of population)","SH.STA.BASS.ZS","Liberia","LBR","African Region",2021,21.92788787
"People using at least basic sanitation services (% of population)","SH.STA.BASS.ZS","Libya","LBY","Eastern Mediterranean Region",2021,92.10600221
"People using at least basic sanitation services (% of population)","SH.STA.BASS.ZS","Lithuania","LTU","European Region",2021,94.79595855
"People using at least basic sanitation services (% of population)","SH.STA.BASS.ZS","Luxembourg","LUX","European Region",2021,97.58857291
"People using at least basic sanitation services (% of population)","SH.STA.BASS.ZS","Madagascar","MDG","African Region",2021,14.22296692
"People using at least basic sanitation services (% of population)","SH.STA.BASS.ZS","Malawi","MWI","African Region",2021,47.10712573
"People using at least basic sanitation services (% of population)","SH.STA.BASS.ZS","Malaysia","MYS","Western Pacific Region",2021,95.99469789
"People using at least basic sanitation services (% of population)","SH.STA.BASS.ZS","Maldives","MDV","South-East Asia Region",2021,99.70015787
"People using at least basic sanitation services (% of population)","SH.STA.BASS.ZS","Mali","MLI","African Region",2021,48.38654613
"People using at least basic sanitation services (% of population)","SH.STA.BASS.ZS","Malta","MLT","European Region",2021,99.96444537
"People using at least basic sanitation services (% of population)","SH.STA.BASS.ZS","Mauritania","MRT","African Region",2021,53.78155649
"People using at least basic sanitation services (% of population)","SH.STA.BASS.ZS","Mexico","MEX","Region of the Americas",2021,91.98713112
"People using at least basic sanitation services (% of population)","SH.STA.BASS.ZS","Moldova","MDA","European Region",2021,84.38853488
"People using at least basic sanitation services (% of population)","SH.STA.BASS.ZS","Monaco","MCO","European Region",2021,100
"People using at least basic sanitation services (% of population)","SH.STA.BASS.ZS","Mongolia","MNG","Western Pacific Region",2021,69.52330326
"People using at least basic sanitation services (% of population)","SH.STA.BASS.ZS","Morocco","MAR","Eastern Mediterranean Region",2021,87.38364315
"People using at least basic sanitation services (% of population)","SH.STA.BASS.ZS","Mozambique","MOZ","African Region",2021,36.07188062
"People using at least basic sanitation services (% of population)","SH.STA.BASS.ZS","Myanmar","MMR","South-East Asia Region",2021,74.10549712
"People using at least basic sanitation services (% of population)","SH.STA.BASS.ZS","Namibia","NAM","African Region",2021,35.55342382
"People using at least basic sanitation services (% of population)","SH.STA.BASS.ZS","Nauru","NRU","Western Pacific Region",2021,65.93204458
"People using at least basic sanitation services (% of population)","SH.STA.BASS.ZS","Nepal","NPL","South-East Asia Region",2021,80.40022366
"People using at least basic sanitation services (% of population)","SH.STA.BASS.ZS","Netherlands","NLD","European Region",2021,97.6777525
"People using at least basic sanitation services (% of population)","SH.STA.BASS.ZS","New Zealand","NZL","Western Pacific Region",2021,99.99999623
"People using at least basic sanitation services (% of population)","SH.STA.BASS.ZS","Niger","NER","African Region",2021,15.88156173
"People using at least basic sanitation services (% of population)","SH.STA.BASS.ZS","Nigeria","NGA","African Region",2021,45.44915489
"People using at least basic sanitation services (% of population)","SH.STA.BASS.ZS","North Macedonia","MKD","European Region",2021,98.9748157
"People using at least basic sanitation services (% of population)","SH.STA.BASS.ZS","Norway","NOR","European Region",2021,98.05003424
"People using at least basic sanitation services (% of population)","SH.STA.BASS.ZS","Oman","OMN","Eastern Mediterranean Region",2021,99.3204402
"People using at least basic sanitation services (% of population)","SH.STA.BASS.ZS","Pakistan","PAK","Eastern Mediterranean Region",2021,68.82426834
"People using at least basic sanitation services (% of population)","SH.STA.BASS.ZS","Palau","PLW","Western Pacific Region",2021,98.78268636
"People using at least basic sanitation services (% of population)","SH.STA.BASS.ZS","Panama","PAN","Region of the Americas",2021,85.77681161
"People using at least basic sanitation services (% of population)","SH.STA.BASS.ZS","Papua New Guinea","PNG","Western Pacific Region",2021,19.26172062
"People using at least basic sanitation services (% of population)","SH.STA.BASS.ZS","Paraguay","PRY","Region of the Americas",2021,93.60274559
"People using at least basic sanitation services (% of population)","SH.STA.BASS.ZS","Peru","PER","Region of the Americas",2021,77.87948762
"People using at least basic sanitation services (% of population)","SH.STA.BASS.ZS","Philippines","PHL","Western Pacific Region",2021,83.58501342
"People using at least basic sanitation services (% of population)","SH.STA.BASS.ZS","Poland","POL","European Region",2021,98.95735689
"People using at least basic sanitation services (% of population)","SH.STA.BASS.ZS","Portugal","PRT","European Region",2021,99.66231537
"People using at least basic sanitation services (% of population)","SH.STA.BASS.ZS","Puerto Rico","PRI","Region of the Americas",2021,100
"People using at least basic sanitation services (% of population)","SH.STA.BASS.ZS","Qatar","QAT","Eastern Mediterranean Region",2021,99.93654534
"People using at least basic sanitation services (% of population)","SH.STA.BASS.ZS","Russian Federation","RUS","European Region",2021,89.18007542
"People using at least basic sanitation services (% of population)","SH.STA.BASS.ZS","Rwanda","RWA","African Region",2021,73.86410779
"People using at least basic sanitation services (% of population)","SH.STA.BASS.ZS","Samoa","WSM","Western Pacific Region",2021,97.56595694
"People using at least basic sanitation services (% of population)","SH.STA.BASS.ZS","San Marino","SMR","European Region",2021,100
"People using at least basic sanitation services (% of population)","SH.STA.BASS.ZS","Sao Tome and Principe","STP","African Region",2021,47.76581873
"People using at least basic sanitation services (% of population)","SH.STA.BASS.ZS","Saudi Arabia","SAU","Eastern Mediterranean Region",2021,95.33991438
"People using at least basic sanitation services (% of population)","SH.STA.BASS.ZS","Senegal","SEN","African Region",2021,59.14337995
"People using at least basic sanitation services (% of population)","SH.STA.BASS.ZS","Serbia","SRB","European Region",2021,97.90138596
"People using at least basic sanitation services (% of population)","SH.STA.BASS.ZS","Seychelles","SYC","African Region",2021,100
"People using at least basic sanitation services (% of population)","SH.STA.BASS.ZS","Sierra Leone","SLE","African Region",2021,21.95649816
"People using at least basic sanitation services (% of population)","SH.STA.BASS.ZS","Singapore","SGP","Western Pacific Region",2021,100
"People using at least basic sanitation services (% of population)","SH.STA.BASS.ZS","Slovak Republic","SVK","European Region",2021,97.5341274
"People using at least basic sanitation services (% of population)","SH.STA.BASS.ZS","Slovenia","SVN","European Region",2021,98.31115775
"People using at least basic sanitation services (% of population)","SH.STA.BASS.ZS","Solomon Islands","SLB","Western Pacific Region",2021,35.01829288
"People using at least basic sanitation services (% of population)","SH.STA.BASS.ZS","Somalia","SOM","Eastern Mediterranean Region",2021,40.39141264
"People using at least basic sanitation services (% of population)","SH.STA.BASS.ZS","South Africa","ZAF","African Region",2021,76.89099332
"People using at least basic sanitation services (% of population)","SH.STA.BASS.ZS","Spain","ESP","European Region",2021,99.91885991
"People using at least basic sanitation services (% of population)","SH.STA.BASS.ZS","Sri Lanka","LKA","South-East Asia Region",2021,94.21641465
"People using at least basic sanitation services (% of population)","SH.STA.BASS.ZS","St. Lucia","LCA","Region of the Americas",2021,83.36331657
"People using at least basic sanitation services (% of population)","SH.STA.BASS.ZS","Suriname","SUR","Region of the Americas",2021,89.96224117
"People using at least basic sanitation services (% of population)","SH.STA.BASS.ZS","Sweden","SWE","European Region",2021,98.86166517
"People using at least basic sanitation services (% of population)","SH.STA.BASS.ZS","Switzerland","CHE","European Region",2021,99.89987389
"People using at least basic sanitation services (% of population)","SH.STA.BASS.ZS","Syrian Arab Republic","SYR","Eastern Mediterranean Region",2021,94.64183196
"People using at least basic sanitation services (% of population)","SH.STA.BASS.ZS","Tajikistan","TJK","European Region",2021,96.75722667
"People using at least basic sanitation services (% of population)","SH.STA.BASS.ZS","Tanzania","TZA","African Region",2021,30.43224677
"People using at least basic sanitation services (% of population)","SH.STA.BASS.ZS","Thailand","THA","South-East Asia Region",2021,99.00731704
"People using at least basic sanitation services (% of population)","SH.STA.BASS.ZS","Togo","TGO","African Region",2021,19.06792824
"People using at least basic sanitation services (% of population)","SH.STA.BASS.ZS","Tonga","TON","Western Pacific Region",2021,95.04204214
"People using at least basic sanitation services (% of population)","SH.STA.BASS.ZS","Trinidad and Tobago","TTO","Region of the Americas",2021,93.91521101
"People using at least basic sanitation services (% of population)","SH.STA.BASS.ZS","Tunisia","TUN","Eastern Mediterranean Region",2021,97.43598122
"People using at least basic sanitation services (% of population)","SH.STA.BASS.ZS","Turkiye","TUR","European Region",2021,99.23698611
"People using at least basic sanitation services (% of population)","SH.STA.BASS.ZS","Turkmenistan","TKM","European Region",2021,99.81925605
"People using at least basic sanitation services (% of population)","SH.STA.BASS.ZS","Tuvalu","TUV","Western Pacific Region",2021,83.53727327
"People using at least basic sanitation services (% of population)","SH.STA.BASS.ZS","Uganda","UGA","African Region",2021,20.81213747
"People using at least basic sanitation services (% of population)","SH.STA.BASS.ZS","Ukraine","UKR","European Region",2021,97.74395343
"People using at least basic sanitation services (% of population)","SH.STA.BASS.ZS","United Arab Emirates","ARE","Eastern Mediterranean Region",2021,99.09362554
"People using at least basic sanitation services (% of population)","SH.STA.BASS.ZS","United Kingdom","GBR","European Region",2021,99.10586943
"People using at least basic sanitation services (% of population)","SH.STA.BASS.ZS","United States","USA","Region of the Americas",2021,99.64866781
"People using at least basic sanitation services (% of population)","SH.STA.BASS.ZS","Uruguay","URY","Region of the Americas",2021,98.32588186
"People using at least basic sanitation services (% of population)","SH.STA.BASS.ZS","Uzbekistan","UZB","European Region",2021,96.18470035
"People using at least basic sanitation services (% of population)","SH.STA.BASS.ZS","Vanuatu","VUT","Western Pacific Region",2021,47.26155014
"People using at least basic sanitation services (% of population)","SH.STA.BASS.ZS","Venezuela, RB","VEN","Region of the Americas",2021,97.00235715
"People using at least basic sanitation services (% of population)","SH.STA.BASS.ZS","Viet Nam","VNM","Western Pacific Region",2021,90.33926069
"People using at least basic sanitation services (% of population)","SH.STA.BASS.ZS","West Bank and Gaza","PSE","Eastern Mediterranean Region",2021,99.09743989
"People using at least basic sanitation services (% of population)","SH.STA.BASS.ZS","Yemen, Rep.","YEM","Eastern Mediterranean Region",2021,54.59560341
"People using at least basic sanitation services (% of population)","SH.STA.BASS.ZS","Zambia","ZMB","African Region",2021,36.24199885
"People using at least basic sanitation services (% of population)","SH.STA.BASS.ZS","Zimbabwe","ZWE","African Region",2021,34.60995021
"People using safely managed sanitation services (% of population)","SH.STA.SMSS.ZS","Albania","ALB","European Region",2021,54.45247979
"People using safely managed sanitation services (% of population)","SH.STA.SMSS.ZS","Algeria","DZA","African Region",2021,62.36627819
"People using safely managed sanitation services (% of population)","SH.STA.SMSS.ZS","Andorra","AND","European Region",2021,100
"People using safely managed sanitation services (% of population)","SH.STA.SMSS.ZS","Armenia","ARM","European Region",2021,10.79483261
"People using safely managed sanitation services (% of population)","SH.STA.SMSS.ZS","Australia","AUS","Western Pacific Region",2021,95.71611777
"People using safely managed sanitation services (% of population)","SH.STA.SMSS.ZS","Austria","AUT","European Region",2021,99.67017836
"People using safely managed sanitation services (% of population)","SH.STA.SMSS.ZS","Bahrain","BHR","Eastern Mediterranean Region",2021,91.91713254
"People using safely managed sanitation services (% of population)","SH.STA.SMSS.ZS","Bangladesh","BGD","South-East Asia Region",2021,30.15469977
"People using safely managed sanitation services (% of population)","SH.STA.SMSS.ZS","Belarus","BLR","European Region",2021,74.88841787
"People using safely managed sanitation services (% of population)","SH.STA.SMSS.ZS","Belgium","BEL","European Region",2021,94.47766612
"People using safely managed sanitation services (% of population)","SH.STA.SMSS.ZS","Benin","BEN","African Region",2021,2.690867812
"People using safely managed sanitation services (% of population)","SH.STA.SMSS.ZS","Bhutan","BTN","South-East Asia Region",2021,50.62325392
"People using safely managed sanitation services (% of population)","SH.STA.SMSS.ZS","Brazil","BRA","Region of the Americas",2021,49.55150867
"People using safely managed sanitation services (% of population)","SH.STA.SMSS.ZS","Bulgaria","BGR","European Region",2021,72.44664845
"People using safely managed sanitation services (% of population)","SH.STA.SMSS.ZS","Burkina Faso","BFA","African Region",2021,9.456731522
"People using safely managed sanitation services (% of population)","SH.STA.SMSS.ZS","Canada","CAN","Region of the Americas",2021,83.92649315
"People using safely managed sanitation services (% of population)","SH.STA.SMSS.ZS","Central African Republic","CAF","African Region",2021,13.26327363
"People using safely managed sanitation services (% of population)","SH.STA.SMSS.ZS","Chad","TCD","African Region",2021,10.83380405
"People using safely managed sanitation services (% of population)","SH.STA.SMSS.ZS","Chile","CHL","Region of the Americas",2021,95.29202445
"People using safely managed sanitation services (% of population)","SH.STA.SMSS.ZS","China","CHN","Western Pacific Region",2021,65.9328271
"People using safely managed sanitation services (% of population)","SH.STA.SMSS.ZS","Colombia","COL","Region of the Americas",2021,18.30745603
"People using safely managed sanitation services (% of population)","SH.STA.SMSS.ZS","Congo, Dem. Rep.","COD","African Region",2021,13.05840652
"People using safely managed sanitation services (% of population)","SH.STA.SMSS.ZS","Costa Rica","CRI","Region of the Americas",2021,25.16756667
"People using safely managed sanitation services (% of population)","SH.STA.SMSS.ZS","Cote d'Ivoire","CIV","African Region",2021,16.9701696
"People using safely managed sanitation services (% of population)","SH.STA.SMSS.ZS","Croatia","HRV","European Region",2021,77.95740716
"People using safely managed sanitation services (% of population)","SH.STA.SMSS.ZS","Cuba","CUB","Region of the Americas",2021,41.02822237
"People using safely managed sanitation services (% of population)","SH.STA.SMSS.ZS","Cyprus","CYP","European Region",2021,76.82902186
"People using safely managed sanitation services (% of population)","SH.STA.SMSS.ZS","Czechia","CZE","European Region",2021,89.358226
"People using safely managed sanitation services (% of population)","SH.STA.SMSS.ZS","Denmark","DNK","European Region",2021,98.72269843
"People using safely managed sanitation services (% of population)","SH.STA.SMSS.ZS","Djibouti","DJI","Eastern Mediterranean Region",2021,39.56237659
"People using safely managed sanitation services (% of population)","SH.STA.SMSS.ZS","Dominican Republic","DOM","Region of the Americas",2021,43.564698
"People using safely managed sanitation services (% of population)","SH.STA.SMSS.ZS","Ecuador","ECU","Region of the Americas",2021,41.80453622
"People using safely managed sanitation services (% of population)","SH.STA.SMSS.ZS","Egypt, Arab Rep.","EGY","Eastern Mediterranean Region",2021,67.16212676
"People using safely managed sanitation services (% of population)","SH.STA.SMSS.ZS","Estonia","EST","European Region",2021,90.41784558
"People using safely managed sanitation services (% of population)","SH.STA.SMSS.ZS","Ethiopia","ETH","African Region",2021,7.155423069
"People using safely managed sanitation services (% of population)","SH.STA.SMSS.ZS","Fiji","FJI","Western Pacific Region",2021,49.01606195
"People using safely managed sanitation services (% of population)","SH.STA.SMSS.ZS","Finland","FIN","European Region",2021,89.84993647
"People using safely managed sanitation services (% of population)","SH.STA.SMSS.ZS","France","FRA","European Region",2021,89.59294208
"People using safely managed sanitation services (% of population)","SH.STA.SMSS.ZS","Gambia, The","GMB","African Region",2021,28.63398761
"People using safely managed sanitation services (% of population)","SH.STA.SMSS.ZS","Georgia","GEO","European Region",2021,24.55250751
"People using safely managed sanitation services (% of population)","SH.STA.SMSS.ZS","Germany","DEU","European Region",2021,96.88248912
"People using safely managed sanitation services (% of population)","SH.STA.SMSS.ZS","Ghana","GHA","African Region",2021,15.25584969
"People using safely managed sanitation services (% of population)","SH.STA.SMSS.ZS","Greece","GRC","European Region",2021,92.07623505
"People using safely managed sanitation services (% of population)","SH.STA.SMSS.ZS","Guyana","GUY","Region of the Americas",2021,44.76224342
"People using safely managed sanitation services (% of population)","SH.STA.SMSS.ZS","Honduras","HND","Region of the Americas",2021,52.32280007
"People using safely managed sanitation services (% of population)","SH.STA.SMSS.ZS","Hungary","HUN","European Region",2021,87.81036836
"People using safely managed sanitation services (% of population)","SH.STA.SMSS.ZS","India","IND","South-East Asia Region",2021,50.0241473
"People using safely managed sanitation services (% of population)","SH.STA.SMSS.ZS","Iraq","IRQ","Eastern Mediterranean Region",2021,52.06429048
"People using safely managed sanitation services (% of population)","SH.STA.SMSS.ZS","Ireland","IRL","European Region",2021,79.78487725
"People using safely managed sanitation services (% of population)","SH.STA.SMSS.ZS","Israel","ISR","European Region",2021,95.49714847
"People using safely managed sanitation services (% of population)","SH.STA.SMSS.ZS","Italy","ITA","European Region",2021,79.02709572
"People using safely managed sanitation services (% of population)","SH.STA.SMSS.ZS","Japan","JPN","Western Pacific Region",2021,99.08870348
"People using safely managed sanitation services (% of population)","SH.STA.SMSS.ZS","Jordan","JOR","Eastern Mediterranean Region",2021,82.28427469
"People using safely managed sanitation services (% of population)","SH.STA.SMSS.ZS","Kenya","KEN","African Region",2021,31.18609935
"People using safely managed sanitation services (% of population)","SH.STA.SMSS.ZS","Kiribati","KIR","Western Pacific Region",2021,24.46350954
"People using safely managed sanitation services (% of population)","SH.STA.SMSS.ZS","Korea, Rep.","KOR","Western Pacific Region",2021,99.46325555
"People using safely managed sanitation services (% of population)","SH.STA.SMSS.ZS","Kuwait","KWT","Eastern Mediterranean Region",2021,100
"People using safely managed sanitation services (% of population)","SH.STA.SMSS.ZS","Kyrgyz Republic","KGZ","European Region",2021,92.57593154
"People using safely managed sanitation services (% of population)","SH.STA.SMSS.ZS","Lao PDR","LAO","Western Pacific Region",2021,61.10436299
"People using safely managed sanitation services (% of population)","SH.STA.SMSS.ZS","Latvia","LVA","European Region",2021,85.24339855
"People using safely managed sanitation services (% of population)","SH.STA.SMSS.ZS","Lebanon","LBN","Eastern Mediterranean Region",2021,25.67268022
"People using safely managed sanitation services (% of population)","SH.STA.SMSS.ZS","Lesotho","LSO","African Region",2021,47.56960026
"People using safely managed sanitation services (% of population)","SH.STA.SMSS.ZS","Libya","LBY","Eastern Mediterranean Region",2021,23.83053967
"People using safely managed sanitation services (% of population)","SH.STA.SMSS.ZS","Lithuania","LTU","European Region",2021,94.79334091
"People using safely managed sanitation services (% of population)","SH.STA.SMSS.ZS","Luxembourg","LUX","European Region",2021,95.47022486
"People using safely managed sanitation services (% of population)","SH.STA.SMSS.ZS","Madagascar","MDG","African Region",2021,11.8994337
"People using safely managed sanitation services (% of population)","SH.STA.SMSS.ZS","Malawi","MWI","African Region",2021,44.14581993
"People using safely managed sanitation services (% of population)","SH.STA.SMSS.ZS","Malaysia","MYS","Western Pacific Region",2021,85.25199083
"People using safely managed sanitation services (% of population)","SH.STA.SMSS.ZS","Mali","MLI","African Region",2021,15.40850196
"People using safely managed sanitation services (% of population)","SH.STA.SMSS.ZS","Malta","MLT","European Region",2021,88.17638221
"People using safely managed sanitation services (% of population)","SH.STA.SMSS.ZS","Mexico","MEX","Region of the Americas",2021,60.02472404
"People using safely managed sanitation services (% of population)","SH.STA.SMSS.ZS","Monaco","MCO","European Region",2021,100
"People using safely managed sanitation services (% of population)","SH.STA.SMSS.ZS","Mongolia","MNG","Western Pacific Region",2021,65.55783391
"People using safely managed sanitation services (% of population)","SH.STA.SMSS.ZS","Morocco","MAR","Eastern Mediterranean Region",2021,60.89822107
"People using safely managed sanitation services (% of population)","SH.STA.SMSS.ZS","Myanmar","MMR","South-East Asia Region",2021,60.65227978
"People using safely managed sanitation services (% of population)","SH.STA.SMSS.ZS","Nepal","NPL","South-East Asia Region",2021,50.61031363
"People using safely managed sanitation services (% of population)","SH.STA.SMSS.ZS","Netherlands","NLD","European Region",2021,97.49762416
"People using safely managed sanitation services (% of population)","SH.STA.SMSS.ZS","New Zealand","NZL","Western Pacific Region",2021,88.67798075
"People using safely managed sanitation services (% of population)","SH.STA.SMSS.ZS","Niger","NER","African Region",2021,7.87185873
"People using safely managed sanitation services (% of population)","SH.STA.SMSS.ZS","Nigeria","NGA","African Region",2021,31.28784949
"People using safely managed sanitation services (% of population)","SH.STA.SMSS.ZS","North Macedonia","MKD","European Region",2021,12.21429602
"People using safely managed sanitation services (% of population)","SH.STA.SMSS.ZS","Norway","NOR","European Region",2021,77.99166224
"People using safely managed sanitation services (% of population)","SH.STA.SMSS.ZS","Paraguay","PRY","Region of the Americas",2021,54.73890725
"People using safely managed sanitation services (% of population)","SH.STA.SMSS.ZS","Peru","PER","Region of the Americas",2021,55.13477551
"People using safely managed sanitation services (% of population)","SH.STA.SMSS.ZS","Philippines","PHL","Western Pacific Region",2021,61.72721851
"People using safely managed sanitation services (% of population)","SH.STA.SMSS.ZS","Poland","POL","European Region",2021,97.85996537
"People using safely managed sanitation services (% of population)","SH.STA.SMSS.ZS","Portugal","PRT","European Region",2021,92.19422036
"People using safely managed sanitation services (% of population)","SH.STA.SMSS.ZS","Puerto Rico","PRI","Region of the Americas",2021,32.50916088
"People using safely managed sanitation services (% of population)","SH.STA.SMSS.ZS","Qatar","QAT","Eastern Mediterranean Region",2021,99.12564838
"People using safely managed sanitation services (% of population)","SH.STA.SMSS.ZS","Russian Federation","RUS","European Region",2021,61.05754116
"People using safely managed sanitation services (% of population)","SH.STA.SMSS.ZS","Samoa","WSM","Western Pacific Region",2021,43.46819324
"People using safely managed sanitation services (% of population)","SH.STA.SMSS.ZS","San Marino","SMR","European Region",2021,90.1925
"People using safely managed sanitation services (% of population)","SH.STA.SMSS.ZS","Sao Tome and Principe","STP","African Region",2021,33.98067227
"People using safely managed sanitation services (% of population)","SH.STA.SMSS.ZS","Saudi Arabia","SAU","Eastern Mediterranean Region",2021,79.88894798
"People using safely managed sanitation services (% of population)","SH.STA.SMSS.ZS","Senegal","SEN","African Region",2021,13.87041536
"People using safely managed sanitation services (% of population)","SH.STA.SMSS.ZS","Serbia","SRB","European Region",2021,25.53470106
"People using safely managed sanitation services (% of population)","SH.STA.SMSS.ZS","Sierra Leone","SLE","African Region",2021,14.68383094
"People using safely managed sanitation services (% of population)","SH.STA.SMSS.ZS","Singapore","SGP","Western Pacific Region",2021,100
"People using safely managed sanitation services (% of population)","SH.STA.SMSS.ZS","Slovak Republic","SVK","European Region",2021,82.4889278
"People using safely managed sanitation services (% of population)","SH.STA.SMSS.ZS","Slovenia","SVN","European Region",2021,83.83010134
"People using safely managed sanitation services (% of population)","SH.STA.SMSS.ZS","Somalia","SOM","Eastern Mediterranean Region",2021,32.42749157
"People using safely managed sanitation services (% of population)","SH.STA.SMSS.ZS","South Africa","ZAF","African Region",2021,70.99176796
"People using safely managed sanitation services (% of population)","SH.STA.SMSS.ZS","Spain","ESP","European Region",2021,89.96563307
"People using safely managed sanitation services (% of population)","SH.STA.SMSS.ZS","Suriname","SUR","Region of the Americas",2021,25.17132316
"People using safely managed sanitation services (% of population)","SH.STA.SMSS.ZS","Sweden","SWE","European Region",2021,95.54521956
"People using safely managed sanitation services (% of population)","SH.STA.SMSS.ZS","Switzerland","CHE","European Region",2021,99.81492445
"People using safely managed sanitation services (% of population)","SH.STA.SMSS.ZS","Tanzania","TZA","African Region",2021,25.01033668
"People using safely managed sanitation services (% of population)","SH.STA.SMSS.ZS","Thailand","THA","South-East Asia Region",2021,26.25913123
"People using safely managed sanitation services (% of population)","SH.STA.SMSS.ZS","Togo","TGO","African Region",2021,5.742300416
"People using safely managed sanitation services (% of population)","SH.STA.SMSS.ZS","Tonga","TON","Western Pacific Region",2021,32.26281935
"People using safely managed sanitation services (% of population)","SH.STA.SMSS.ZS","Tunisia","TUN","Eastern Mediterranean Region",2021,81.04472719
"People using safely managed sanitation services (% of population)","SH.STA.SMSS.ZS","Turkiye","TUR","European Region",2021,76.76694462
"People using safely managed sanitation services (% of population)","SH.STA.SMSS.ZS","Tuvalu","TUV","Western Pacific Region",2021,37.69727101
"People using safely managed sanitation services (% of population)","SH.STA.SMSS.ZS","Uganda","UGA","African Region",2021,17.64824021
"People using safely managed sanitation services (% of population)","SH.STA.SMSS.ZS","Ukraine","UKR","European Region",2021,71.94890083
"People using safely managed sanitation services (% of population)","SH.STA.SMSS.ZS","United Arab Emirates","ARE","Eastern Mediterranean Region",2021,98.46326774
"People using safely managed sanitation services (% of population)","SH.STA.SMSS.ZS","United Kingdom","GBR","European Region",2021,98.10325025
"People using safely managed sanitation services (% of population)","SH.STA.SMSS.ZS","United States","USA","Region of the Americas",2021,97.06614582
"People using safely managed sanitation services (% of population)","SH.STA.SMSS.ZS","Uzbekistan","UZB","European Region",2021,74.50296521
"People using safely managed sanitation services (% of population)","SH.STA.SMSS.ZS","Venezuela, RB","VEN","Region of the Americas",2021,26.36734506
"People using safely managed sanitation services (% of population)","SH.STA.SMSS.ZS","Viet Nam","VNM","Western Pacific Region",2021,43.21620918
"People using safely managed sanitation services (% of population)","SH.STA.SMSS.ZS","West Bank and Gaza","PSE","Eastern Mediterranean Region",2021,68.59957469
"People using safely managed sanitation services (% of population)","SH.STA.SMSS.ZS","Yemen, Rep.","YEM","Eastern Mediterranean Region",2021,19.10135572
"People using safely managed sanitation services (% of population)","SH.STA.SMSS.ZS","Zimbabwe","ZWE","African Region",2021,31.80243726
"People practicing open defecation (% of population)","SH.STA.ODFC.ZS","Afghanistan","AFG","Eastern Mediterranean Region",2021,9.560904058
"People practicing open defecation (% of population)","SH.STA.ODFC.ZS","Albania","ALB","European Region",2021,0
"People practicing open defecation (% of population)","SH.STA.ODFC.ZS","Algeria","DZA","African Region",2021,0
"People practicing open defecation (% of population)","SH.STA.ODFC.ZS","Andorra","AND","European Region",2021,0
"People practicing open defecation (% of population)","SH.STA.ODFC.ZS","Angola","AGO","African Region",2021,17.62439314
"People practicing open defecation (% of population)","SH.STA.ODFC.ZS","Armenia","ARM","European Region",2021,0.010649214
"People practicing open defecation (% of population)","SH.STA.ODFC.ZS","Australia","AUS","Western Pacific Region",2021,0
"People practicing open defecation (% of population)","SH.STA.ODFC.ZS","Austria","AUT","European Region",2021,0
"People practicing open defecation (% of population)","SH.STA.ODFC.ZS","Bahrain","BHR","Eastern Mediterranean Region",2021,0
"People practicing open defecation (% of population)","SH.STA.ODFC.ZS","Bangladesh","BGD","South-East Asia Region",2021,0
"People practicing open defecation (% of population)","SH.STA.ODFC.ZS","Belarus","BLR","European Region",2021,0
"People practicing open defecation (% of population)","SH.STA.ODFC.ZS","Belgium","BEL","European Region",2021,0
"People practicing open defecation (% of population)","SH.STA.ODFC.ZS","Belize","BLZ","Region of the Americas",2021,0.569863505
"People practicing open defecation (% of population)","SH.STA.ODFC.ZS","Benin","BEN","African Region",2021,49.3349376
"People practicing open defecation (% of population)","SH.STA.ODFC.ZS","Bhutan","BTN","South-East Asia Region",2021,0
"People practicing open defecation (% of population)","SH.STA.ODFC.ZS","Bolivia","BOL","Region of the Americas",2021,9.107793216
"People practicing open defecation (% of population)","SH.STA.ODFC.ZS","Botswana","BWA","African Region",2021,5.309223577
"People practicing open defecation (% of population)","SH.STA.ODFC.ZS","Brazil","BRA","Region of the Americas",2021,0.094448477
"People practicing open defecation (% of population)","SH.STA.ODFC.ZS","Bulgaria","BGR","European Region",2021,0
"People practicing open defecation (% of population)","SH.STA.ODFC.ZS","Burkina Faso","BFA","African Region",2021,35.22758501
"People practicing open defecation (% of population)","SH.STA.ODFC.ZS","Burundi","BDI","African Region",2021,1.450667925
"People practicing open defecation (% of population)","SH.STA.ODFC.ZS","Cabo Verde","CPV","African Region",2021,8.603019033
"People practicing open defecation (% of population)","SH.STA.ODFC.ZS","Cambodia","KHM","Western Pacific Region",2021,15.00306327
"People practicing open defecation (% of population)","SH.STA.ODFC.ZS","Cameroon","CMR","African Region",2021,4.405838225
"People practicing open defecation (% of population)","SH.STA.ODFC.ZS","Canada","CAN","Region of the Americas",2021,0
"People practicing open defecation (% of population)","SH.STA.ODFC.ZS","Central African Republic","CAF","African Region",2021,25.19570959
"People practicing open defecation (% of population)","SH.STA.ODFC.ZS","Chad","TCD","African Region",2021,62.78860601
"People practicing open defecation (% of population)","SH.STA.ODFC.ZS","Chile","CHL","Region of the Americas",2021,0
"People practicing open defecation (% of population)","SH.STA.ODFC.ZS","China","CHN","Western Pacific Region",2021,0.143684927
"People practicing open defecation (% of population)","SH.STA.ODFC.ZS","Colombia","COL","Region of the Americas",2021,2.610863573
"People practicing open defecation (% of population)","SH.STA.ODFC.ZS","Congo, Dem. Rep.","COD","African Region",2021,11.93615586
"People practicing open defecation (% of population)","SH.STA.ODFC.ZS","Congo, Rep.","COG","African Region",2021,8.353527788
"People practicing open defecation (% of population)","SH.STA.ODFC.ZS","Costa Rica","CRI","Region of the Americas",2021,0.131904188
"People practicing open defecation (% of population)","SH.STA.ODFC.ZS","Cote d'Ivoire","CIV","African Region",2021,21.82930903
"People practicing open defecation (% of population)","SH.STA.ODFC.ZS","Croatia","HRV","European Region",2021,0
"People practicing open defecation (% of population)","SH.STA.ODFC.ZS","Cuba","CUB","Region of the Americas",2021,0.170451187
"People practicing open defecation (% of population)","SH.STA.ODFC.ZS","Cyprus","CYP","European Region",2021,0
"People practicing open defecation (% of population)","SH.STA.ODFC.ZS","Czechia","CZE","European Region",2021,0
"People practicing open defecation (% of population)","SH.STA.ODFC.ZS","Denmark","DNK","European Region",2021,0
"People practicing open defecation (% of population)","SH.STA.ODFC.ZS","Djibouti","DJI","Eastern Mediterranean Region",2021,16.08689571
"People practicing open defecation (% of population)","SH.STA.ODFC.ZS","Dominican Republic","DOM","Region of the Americas",2021,1.939232675
"People practicing open defecation (% of population)","SH.STA.ODFC.ZS","Ecuador","ECU","Region of the Americas",2021,1.058088218
"People practicing open defecation (% of population)","SH.STA.ODFC.ZS","Egypt, Arab Rep.","EGY","Eastern Mediterranean Region",2021,0.00683491
"People practicing open defecation (% of population)","SH.STA.ODFC.ZS","El Salvador","SLV","Region of the Americas",2021,0.243106626
"People practicing open defecation (% of population)","SH.STA.ODFC.ZS","Estonia","EST","European Region",2021,0
"People practicing open defecation (% of population)","SH.STA.ODFC.ZS","Eswatini","SWZ","African Region",2021,0.236306953
"People practicing open defecation (% of population)","SH.STA.ODFC.ZS","Ethiopia","ETH","African Region",2021,17.72554037
"People practicing open defecation (% of population)","SH.STA.ODFC.ZS","Fiji","FJI","Western Pacific Region",2021,0
"People practicing open defecation (% of population)","SH.STA.ODFC.ZS","Finland","FIN","European Region",2021,0
"People practicing open defecation (% of population)","SH.STA.ODFC.ZS","France","FRA","European Region",2021,0
"People practicing open defecation (% of population)","SH.STA.ODFC.ZS","Gabon","GAB","African Region",2021,2.021505831
"People practicing open defecation (% of population)","SH.STA.ODFC.ZS","Gambia, The","GMB","African Region",2021,0.123779995
"People practicing open defecation (% of population)","SH.STA.ODFC.ZS","Georgia","GEO","European Region",2021,0.003109561
"People practicing open defecation (% of population)","SH.STA.ODFC.ZS","Germany","DEU","European Region",2021,0
"People practicing open defecation (% of population)","SH.STA.ODFC.ZS","Ghana","GHA","African Region",2021,17.36389101
"People practicing open defecation (% of population)","SH.STA.ODFC.ZS","Greece","GRC","European Region",2021,0
"People practicing open defecation (% of population)","SH.STA.ODFC.ZS","Guatemala","GTM","Region of the Americas",2021,1.629829375
"People practicing open defecation (% of population)","SH.STA.ODFC.ZS","Guinea","GIN","African Region",2021,8.051616258
"People practicing open defecation (% of population)","SH.STA.ODFC.ZS","Guinea-Bissau","GNB","African Region",2021,8.492603814
"People practicing open defecation (% of population)","SH.STA.ODFC.ZS","Guyana","GUY","Region of the Americas",2021,0.337478754
"People practicing open defecation (% of population)","SH.STA.ODFC.ZS","Haiti","HTI","Region of the Americas",2021,17.92884264
"People practicing open defecation (% of population)","SH.STA.ODFC.ZS","Honduras","HND","Region of the Americas",2021,4.680684335
"People practicing open defecation (% of population)","SH.STA.ODFC.ZS","Hungary","HUN","European Region",2021,0
"People practicing open defecation (% of population)","SH.STA.ODFC.ZS","Iceland","ISL","European Region",2021,0
"People practicing open defecation (% of population)","SH.STA.ODFC.ZS","India","IND","South-East Asia Region",2021,13.76988959
"People practicing open defecation (% of population)","SH.STA.ODFC.ZS","Indonesia","IDN","South-East Asia Region",2021,5.281579583
"People practicing open defecation (% of population)","SH.STA.ODFC.ZS","Iraq","IRQ","Eastern Mediterranean Region",2021,0.004456277
"People practicing open defecation (% of population)","SH.STA.ODFC.ZS","Ireland","IRL","European Region",2021,0
"People practicing open defecation (% of population)","SH.STA.ODFC.ZS","Israel","ISR","European Region",2021,0
"People practicing open defecation (% of population)","SH.STA.ODFC.ZS","Italy","ITA","European Region",2021,0
"People practicing open defecation (% of population)","SH.STA.ODFC.ZS","Jamaica","JAM","Region of the Americas",2021,0.798859311
"People practicing open defecation (% of population)","SH.STA.ODFC.ZS","Japan","JPN","Western Pacific Region",2021,0
"People practicing open defecation (% of population)","SH.STA.ODFC.ZS","Jordan","JOR","Eastern Mediterranean Region",2021,0.104606922
"People practicing open defecation (% of population)","SH.STA.ODFC.ZS","Kazakhstan","KAZ","European Region",2021,0.029846793
"People practicing open defecation (% of population)","SH.STA.ODFC.ZS","Kenya","KEN","African Region",2021,6.955909143
"People practicing open defecation (% of population)","SH.STA.ODFC.ZS","Kiribati","KIR","Western Pacific Region",2021,33.21530348
"People practicing open defecation (% of population)","SH.STA.ODFC.ZS","Korea, Rep.","KOR","Western Pacific Region",2021,0
"People practicing open defecation (% of population)","SH.STA.ODFC.ZS","Kuwait","KWT","Eastern Mediterranean Region",2021,0
"People practicing open defecation (% of population)","SH.STA.ODFC.ZS","Kyrgyz Republic","KGZ","European Region",2021,0
"People practicing open defecation (% of population)","SH.STA.ODFC.ZS","Lao PDR","LAO","Western Pacific Region",2021,16.32199125
"People practicing open defecation (% of population)","SH.STA.ODFC.ZS","Latvia","LVA","European Region",2021,0
"People practicing open defecation (% of population)","SH.STA.ODFC.ZS","Lebanon","LBN","Eastern Mediterranean Region",2021,0
"People practicing open defecation (% of population)","SH.STA.ODFC.ZS","Lesotho","LSO","African Region",2021,16.318467
"People practicing open defecation (% of population)","SH.STA.ODFC.ZS","Liberia","LBR","African Region",2021,36.15123417
"People practicing open defecation (% of population)","SH.STA.ODFC.ZS","Lithuania","LTU","European Region",2021,0
"People practicing open defecation (% of population)","SH.STA.ODFC.ZS","Luxembourg","LUX","European Region",2021,0
"People practicing open defecation (% of population)","SH.STA.ODFC.ZS","Madagascar","MDG","African Region",2021,34.01218092
"People practicing open defecation (% of population)","SH.STA.ODFC.ZS","Malawi","MWI","African Region",2021,3.146489056
"People practicing open defecation (% of population)","SH.STA.ODFC.ZS","Maldives","MDV","South-East Asia Region",2021,0
"People practicing open defecation (% of population)","SH.STA.ODFC.ZS","Mali","MLI","African Region",2021,5.105463076
"People practicing open defecation (% of population)","SH.STA.ODFC.ZS","Malta","MLT","European Region",2021,0
"People practicing open defecation (% of population)","SH.STA.ODFC.ZS","Mauritania","MRT","African Region",2021,28.05198091
"People practicing open defecation (% of population)","SH.STA.ODFC.ZS","Mexico","MEX","Region of the Americas",2021,0.152016608
"People practicing open defecation (% of population)","SH.STA.ODFC.ZS","Moldova","MDA","European Region",2021,0.133004665
"People practicing open defecation (% of population)","SH.STA.ODFC.ZS","Monaco","MCO","European Region",2021,0
"People practicing open defecation (% of population)","SH.STA.ODFC.ZS","Mongolia","MNG","Western Pacific Region",2021,5.508983604
"People practicing open defecation (% of population)","SH.STA.ODFC.ZS","Morocco","MAR","Eastern Mediterranean Region",2021,0
"People practicing open defecation (% of population)","SH.STA.ODFC.ZS","Mozambique","MOZ","African Region",2021,21.29512553
"People practicing open defecation (% of population)","SH.STA.ODFC.ZS","Myanmar","MMR","South-East Asia Region",2021,6.837815444
"People practicing open defecation (% of population)","SH.STA.ODFC.ZS","Namibia","NAM","African Region",2021,37.50032774
"People practicing open defecation (% of population)","SH.STA.ODFC.ZS","Nauru","NRU","Western Pacific Region",2021,2.586148294
"People practicing open defecation (% of population)","SH.STA.ODFC.ZS","Nepal","NPL","South-East Asia Region",2021,6.997045507
"People practicing open defecation (% of population)","SH.STA.ODFC.ZS","Netherlands","NLD","European Region",2021,0
"People practicing open defecation (% of population)","SH.STA.ODFC.ZS","New Zealand","NZL","Western Pacific Region",2021,0
"People practicing open defecation (% of population)","SH.STA.ODFC.ZS","Niger","NER","African Region",2021,65.87956094
"People practicing open defecation (% of population)","SH.STA.ODFC.ZS","Nigeria","NGA","African Region",2021,18.74324526
"People practicing open defecation (% of population)","SH.STA.ODFC.ZS","North Macedonia","MKD","European Region",2021,0.110271016
"People practicing open defecation (% of population)","SH.STA.ODFC.ZS","Norway","NOR","European Region",2021,0
"People practicing open defecation (% of population)","SH.STA.ODFC.ZS","Pakistan","PAK","Eastern Mediterranean Region",2021,8.055137672
"People practicing open defecation (% of population)","SH.STA.ODFC.ZS","Palau","PLW","Western Pacific Region",2021,0
"People practicing open defecation (% of population)","SH.STA.ODFC.ZS","Panama","PAN","Region of the Americas",2021,4.027382784
"People practicing open defecation (% of population)","SH.STA.ODFC.ZS","Papua New Guinea","PNG","Western Pacific Region",2021,16.11612029
"People practicing open defecation (% of population)","SH.STA.ODFC.ZS","Paraguay","PRY","Region of the Americas",2021,0.596907407
"People practicing open defecation (% of population)","SH.STA.ODFC.ZS","Peru","PER","Region of the Americas",2021,3.515534477
"People practicing open defecation (% of population)","SH.STA.ODFC.ZS","Philippines","PHL","Western Pacific Region",2021,3.403769224
"People practicing open defecation (% of population)","SH.STA.ODFC.ZS","Poland","POL","European Region",2021,0
"People practicing open defecation (% of population)","SH.STA.ODFC.ZS","Portugal","PRT","European Region",2021,0
"People practicing open defecation (% of population)","SH.STA.ODFC.ZS","Puerto Rico","PRI","Region of the Americas",2021,0
"People practicing open defecation (% of population)","SH.STA.ODFC.ZS","Qatar","QAT","Eastern Mediterranean Region",2021,0.063454655
"People practicing open defecation (% of population)","SH.STA.ODFC.ZS","Russian Federation","RUS","European Region",2021,0
"People practicing open defecation (% of population)","SH.STA.ODFC.ZS","Rwanda","RWA","African Region",2021,1.860280897
"People practicing open defecation (% of population)","SH.STA.ODFC.ZS","Samoa","WSM","Western Pacific Region",2021,0.123344493
"People practicing open defecation (% of population)","SH.STA.ODFC.ZS","San Marino","SMR","European Region",2021,0
"People practicing open defecation (% of population)","SH.STA.ODFC.ZS","Sao Tome and Principe","STP","African Region",2021,42.29018938
"People practicing open defecation (% of population)","SH.STA.ODFC.ZS","Saudi Arabia","SAU","Eastern Mediterranean Region",2021,0
"People practicing open defecation (% of population)","SH.STA.ODFC.ZS","Senegal","SEN","African Region",2021,8.404625067
"People practicing open defecation (% of population)","SH.STA.ODFC.ZS","Serbia","SRB","European Region",2021,0.058179826
"People practicing open defecation (% of population)","SH.STA.ODFC.ZS","Seychelles","SYC","African Region",2021,0
"People practicing open defecation (% of population)","SH.STA.ODFC.ZS","Sierra Leone","SLE","African Region",2021,16.83041596
"People practicing open defecation (% of population)","SH.STA.ODFC.ZS","Singapore","SGP","Western Pacific Region",2021,0
"People practicing open defecation (% of population)","SH.STA.ODFC.ZS","Slovak Republic","SVK","European Region",2021,0
"People practicing open defecation (% of population)","SH.STA.ODFC.ZS","Slovenia","SVN","European Region",2021,0
"People practicing open defecation (% of population)","SH.STA.ODFC.ZS","Solomon Islands","SLB","Western Pacific Region",2021,44.54514228
"People practicing open defecation (% of population)","SH.STA.ODFC.ZS","Somalia","SOM","Eastern Mediterranean Region",2021,21.55704522
"People practicing open defecation (% of population)","SH.STA.ODFC.ZS","South Africa","ZAF","African Region",2021,0.227830979
"People practicing open defecation (% of population)","SH.STA.ODFC.ZS","Spain","ESP","European Region",2021,0
"People practicing open defecation (% of population)","SH.STA.ODFC.ZS","Sri Lanka","LKA","South-East Asia Region",2021,0
"People practicing open defecation (% of population)","SH.STA.ODFC.ZS","St. Lucia","LCA","Region of the Americas",2021,6.194686353
"People practicing open defecation (% of population)","SH.STA.ODFC.ZS","Suriname","SUR","Region of the Americas",2021,1.21741673
"People practicing open defecation (% of population)","SH.STA.ODFC.ZS","Sweden","SWE","European Region",2021,0
"People practicing open defecation (% of population)","SH.STA.ODFC.ZS","Switzerland","CHE","European Region",2021,0
"People practicing open defecation (% of population)","SH.STA.ODFC.ZS","Tajikistan","TJK","European Region",2021,0.318299525
"People practicing open defecation (% of population)","SH.STA.ODFC.ZS","Tanzania","TZA","African Region",2021,6.564426211
"People practicing open defecation (% of population)","SH.STA.ODFC.ZS","Thailand","THA","South-East Asia Region",2021,0.030223156
"People practicing open defecation (% of population)","SH.STA.ODFC.ZS","Togo","TGO","African Region",2021,40.47626843
"People practicing open defecation (% of population)","SH.STA.ODFC.ZS","Tonga","TON","Western Pacific Region",2021,0.095531638
"People practicing open defecation (% of population)","SH.STA.ODFC.ZS","Trinidad and Tobago","TTO","Region of the Americas",2021,0
"People practicing open defecation (% of population)","SH.STA.ODFC.ZS","Tunisia","TUN","Eastern Mediterranean Region",2021,0.155634652
"People practicing open defecation (% of population)","SH.STA.ODFC.ZS","Turkiye","TUR","European Region",2021,0.151448617
"People practicing open defecation (% of population)","SH.STA.ODFC.ZS","Turkmenistan","TKM","European Region",2021,0
"People practicing open defecation (% of population)","SH.STA.ODFC.ZS","Tuvalu","TUV","Western Pacific Region",2021,2.883805593
"People practicing open defecation (% of population)","SH.STA.ODFC.ZS","Uganda","UGA","African Region",2021,4.240233698
"People practicing open defecation (% of population)","SH.STA.ODFC.ZS","Ukraine","UKR","European Region",2021,0
"People practicing open defecation (% of population)","SH.STA.ODFC.ZS","United Arab Emirates","ARE","Eastern Mediterranean Region",2021,0
"People practicing open defecation (% of population)","SH.STA.ODFC.ZS","United Kingdom","GBR","European Region",2021,0
"People practicing open defecation (% of population)","SH.STA.ODFC.ZS","United States","USA","Region of the Americas",2021,0
"People practicing open defecation (% of population)","SH.STA.ODFC.ZS","Uruguay","URY","Region of the Americas",2021,0.15172837
"People practicing open defecation (% of population)","SH.STA.ODFC.ZS","Uzbekistan","UZB","European Region",2021,0.049572996
"People practicing open defecation (% of population)","SH.STA.ODFC.ZS","Vanuatu","VUT","Western Pacific Region",2021,0.058178914
"People practicing open defecation (% of population)","SH.STA.ODFC.ZS","Venezuela, RB","VEN","Region of the Americas",2021,2.997642855
"People practicing open defecation (% of population)","SH.STA.ODFC.ZS","Viet Nam","VNM","Western Pacific Region",2021,0.413093211
"People practicing open defecation (% of population)","SH.STA.ODFC.ZS","West Bank and Gaza","PSE","Eastern Mediterranean Region",2021,0.114233375
"People practicing open defecation (% of population)","SH.STA.ODFC.ZS","Yemen, Rep.","YEM","Eastern Mediterranean Region",2021,8.655209403
"People practicing open defecation (% of population)","SH.STA.ODFC.ZS","Zambia","ZMB","African Region",2021,6.470194224
"People practicing open defecation (% of population)","SH.STA.ODFC.ZS","Zimbabwe","ZWE","African Region",2021,17.33350814
"Population density (people per sq. km of land area)","EN.POP.DNST","Afghanistan","AFG","Eastern Mediterranean Region",2021,61.3286908
"Population density (people per sq. km of land area)","EN.POP.DNST","Albania","ALB","European Region",2021,102.6155474
"Population density (people per sq. km of land area)","EN.POP.DNST","Algeria","DZA","African Region",2021,18.79343682
"Population density (people per sq. km of land area)","EN.POP.DNST","Andorra","AND","European Region",2021,166.7319149
"Population density (people per sq. km of land area)","EN.POP.DNST","Angola","AGO","African Region",2021,27.69906874
"Population density (people per sq. km of land area)","EN.POP.DNST","Antigua and Barbuda","ATG","Region of the Americas",2021,209.8840909
"Population density (people per sq. km of land area)","EN.POP.DNST","Argentina","ARG","Region of the Americas",2021,16.55733057
"Population density (people per sq. km of land area)","EN.POP.DNST","Armenia","ARM","European Region",2021,104.0498771
"Population density (people per sq. km of land area)","EN.POP.DNST","Australia","AUS","Western Pacific Region",2021,3.339228447
"Population density (people per sq. km of land area)","EN.POP.DNST","Austria","AUT","European Region",2021,108.5288051
"Population density (people per sq. km of land area)","EN.POP.DNST","Azerbaijan","AZE","European Region",2021,122.6588022
"Population density (people per sq. km of land area)","EN.POP.DNST","Bahamas, The","BHS","Region of the Americas",2021,39.5977023
"Population density (people per sq. km of land area)","EN.POP.DNST","Bahrain","BHR","Eastern Mediterranean Region",2021,1904.259494
"Population density (people per sq. km of land area)","EN.POP.DNST","Bangladesh","BGD","South-East Asia Region",2021,1287.999186
"Population density (people per sq. km of land area)","EN.POP.DNST","Barbados","BRB","Region of the Americas",2021,656.155814
"Population density (people per sq. km of land area)","EN.POP.DNST","Belarus","BLR","European Region",2021,45.83683173
"Population density (people per sq. km of land area)","EN.POP.DNST","Belgium","BEL","European Region",2021,379.9499902
"Population density (people per sq. km of land area)","EN.POP.DNST","Belize","BLZ","Region of the Americas",2021,17.33213503
"Population density (people per sq. km of land area)","EN.POP.DNST","Benin","BEN","African Region",2021,118.9554541
"Population density (people per sq. km of land area)","EN.POP.DNST","Bhutan","BTN","South-East Asia Region",2021,20.33146303
"Population density (people per sq. km of land area)","EN.POP.DNST","Bolivia","BOL","Region of the Americas",2021,11.0194406
"Population density (people per sq. km of land area)","EN.POP.DNST","Bosnia and Herzegovina","BIH","European Region",2021,63.37708984
"Population density (people per sq. km of land area)","EN.POP.DNST","Botswana","BWA","African Region",2021,4.237363471
"Population density (people per sq. km of land area)","EN.POP.DNST","Brazil","BRA","Region of the Americas",2021,25.07140273
"Population density (people per sq. km of land area)","EN.POP.DNST","Brunei Darussalam","BRN","Western Pacific Region",2021,85.71555977
"Population density (people per sq. km of land area)","EN.POP.DNST","Bulgaria","BGR","European Region",2021,63.35430177
"Population density (people per sq. km of land area)","EN.POP.DNST","Burkina Faso","BFA","African Region",2021,80.39197003
"Population density (people per sq. km of land area)","EN.POP.DNST","Burundi","BDI","African Region",2021,504.8863318
"Population density (people per sq. km of land area)","EN.POP.DNST","Cabo Verde","CPV","African Region",2021,128.2007444
"Population density (people per sq. km of land area)","EN.POP.DNST","Cambodia","KHM","Western Pacific Region",2021,96.16080331
"Population density (people per sq. km of land area)","EN.POP.DNST","Cameroon","CMR","African Region",2021,56.93926086
"Population density (people per sq. km of land area)","EN.POP.DNST","Canada","CAN","Region of the Americas",2021,4.351026204
"Population density (people per sq. km of land area)","EN.POP.DNST","Central African Republic","CAF","African Region",2021,8.205881409
"Population density (people per sq. km of land area)","EN.POP.DNST","Chad","TCD","African Region",2021,14.15841248
"Population density (people per sq. km of land area)","EN.POP.DNST","Chile","CHL","Region of the Americas",2021,26.16744673
"Population density (people per sq. km of land area)","EN.POP.DNST","China","CHN","Western Pacific Region",2021,150.4397537
"Population density (people per sq. km of land area)","EN.POP.DNST","Colombia","COL","Region of the Americas",2021,46.13625327
"Population density (people per sq. km of land area)","EN.POP.DNST","Comoros","COM","African Region",2021,439.6421279
"Population density (people per sq. km of land area)","EN.POP.DNST","Congo, Dem. Rep.","COD","African Region",2021,43.73477956
"Population density (people per sq. km of land area)","EN.POP.DNST","Congo, Rep.","COG","African Region",2021,17.25383016
"Population density (people per sq. km of land area)","EN.POP.DNST","Costa Rica","CRI","Region of the Americas",2021,99.09886408
"Population density (people per sq. km of land area)","EN.POP.DNST","Cote d'Ivoire","CIV","African Region",2021,93.20671698
"Population density (people per sq. km of land area)","EN.POP.DNST","Croatia","HRV","European Region",2021,69.31703002
"Population density (people per sq. km of land area)","EN.POP.DNST","Cuba","CUB","Region of the Americas",2021,107.1499807
"Population density (people per sq. km of land area)","EN.POP.DNST","Cyprus","CYP","European Region",2021,142.5659091
"Population density (people per sq. km of land area)","EN.POP.DNST","Czechia","CZE","European Region",2021,136.1083491
"Population density (people per sq. km of land area)","EN.POP.DNST","Denmark","DNK","European Region",2021,146.418325
"Population density (people per sq. km of land area)","EN.POP.DNST","Djibouti","DJI","Eastern Mediterranean Region",2021,48.37135462
"Population density (people per sq. km of land area)","EN.POP.DNST","Dominica","DMA","Region of the Americas",2021,89.60266667
"Population density (people per sq. km of land area)","EN.POP.DNST","Dominican Republic","DOM","Region of the Americas",2021,230.7869908
"Population density (people per sq. km of land area)","EN.POP.DNST","Ecuador","ECU","Region of the Americas",2021,71.19686745
"Population density (people per sq. km of land area)","EN.POP.DNST","Egypt, Arab Rep.","EGY","Eastern Mediterranean Region",2021,111.46417
"Population density (people per sq. km of land area)","EN.POP.DNST","El Salvador","SLV","Region of the Americas",2021,301.9199807
"Population density (people per sq. km of land area)","EN.POP.DNST","Equatorial Guinea","GNQ","African Region",2021,62.70181818
"Population density (people per sq. km of land area)","EN.POP.DNST","Eritrea","ERI","African Region",2021,27.67812339
"Population density (people per sq. km of land area)","EN.POP.DNST","Estonia","EST","European Region",2021,31.13291228
"Population density (people per sq. km of land area)","EN.POP.DNST","Eswatini","SWZ","African Region",2021,70.15075581
"Population density (people per sq. km of land area)","EN.POP.DNST","Ethiopia","ETH","African Region",2021,108.2240681
"Population density (people per sq. km of land area)","EN.POP.DNST","Fiji","FJI","Western Pacific Region",2021,50.1757526
"Population density (people per sq. km of land area)","EN.POP.DNST","Finland","FIN","European Region",2021,18.23016591
"Population density (people per sq. km of land area)","EN.POP.DNST","France","FRA","European Region",2021,123.9009108
"Population density (people per sq. km of land area)","EN.POP.DNST","Gabon","GAB","African Region",2021,9.223898785
"Population density (people per sq. km of land area)","EN.POP.DNST","Gambia, The","GMB","African Region",2021,254.5464427
"Population density (people per sq. km of land area)","EN.POP.DNST","Georgia","GEO","European Region",2021,64.88348088
"Population density (people per sq. km of land area)","EN.POP.DNST","Germany","DEU","European Region",2021,238.1180858
"Population density (people per sq. km of land area)","EN.POP.DNST","Ghana","GHA","African Region",2021,142.9184558
"Population density (people per sq. km of land area)","EN.POP.DNST","Greece","GRC","European Region",2021,81.99539953
"Population density (people per sq. km of land area)","EN.POP.DNST","Grenada","GRD","Region of the Americas",2021,343.2
"Population density (people per sq. km of land area)","EN.POP.DNST","Guatemala","GTM","Region of the Americas",2021,164.2277902
"Population density (people per sq. km of land area)","EN.POP.DNST","Guinea","GIN","African Region",2021,55.79730181
"Population density (people per sq. km of land area)","EN.POP.DNST","Guinea-Bissau","GNB","African Region",2021,73.21625178
"Population density (people per sq. km of land area)","EN.POP.DNST","Guyana","GUY","Region of the Americas",2021,4.142656845
"Population density (people per sq. km of land area)","EN.POP.DNST","Haiti","HTI","Region of the Americas",2021,412.7208273
"Population density (people per sq. km of land area)","EN.POP.DNST","Honduras","HND","Region of the Americas",2021,91.96422379
"Population density (people per sq. km of land area)","EN.POP.DNST","Hungary","HUN","European Region",2021,106.3981043
"Population density (people per sq. km of land area)","EN.POP.DNST","Iceland","ISL","European Region",2021,3.694535357
"Population density (people per sq. km of land area)","EN.POP.DNST","India","IND","South-East Asia Region",2021,475.6520424
"Population density (people per sq. km of land area)","EN.POP.DNST","Indonesia","IDN","South-East Asia Region",2021,146.2351077
"Population density (people per sq. km of land area)","EN.POP.DNST","Iran, Islamic Rep.","IRN","Eastern Mediterranean Region",2021,54.51802034
"Population density (people per sq. km of land area)","EN.POP.DNST","Iraq","IRQ","Eastern Mediterranean Region",2021,99.21316063
"Population density (people per sq. km of land area)","EN.POP.DNST","Ireland","IRL","European Region",2021,73.06087966
"Population density (people per sq. km of land area)","EN.POP.DNST","Israel","ISR","European Region",2021,433.0591497
"Population density (people per sq. km of land area)","EN.POP.DNST","Italy","ITA","European Region",2021,199.9654163
"Population density (people per sq. km of land area)","EN.POP.DNST","Jamaica","JAM","Region of the Americas",2021,262.0204986
"Population density (people per sq. km of land area)","EN.POP.DNST","Japan","JPN","Western Pacific Region",2021,344.8054678
"Population density (people per sq. km of land area)","EN.POP.DNST","Jordan","JOR","Eastern Mediterranean Region",2021,124.629547
"Population density (people per sq. km of land area)","EN.POP.DNST","Kazakhstan","KAZ","European Region",2021,7.31325814
"Population density (people per sq. km of land area)","EN.POP.DNST","Kenya","KEN","African Region",2021,93.5080402
"Population density (people per sq. km of land area)","EN.POP.DNST","Kiribati","KIR","Western Pacific Region",2021,158.4901235
"Population density (people per sq. km of land area)","EN.POP.DNST","Korea, Dem. People's Rep.","PRK","South-East Asia Region",2021,217.8600947
"Population density (people per sq. km of land area)","EN.POP.DNST","Korea, Rep.","KOR","Western Pacific Region",2021,530.4256045
"Population density (people per sq. km of land area)","EN.POP.DNST","Kuwait","KWT","Eastern Mediterranean Region",2021,244.7174523
"Population density (people per sq. km of land area)","EN.POP.DNST","Kyrgyz Republic","KGZ","European Region",2021,35.72066736
"Population density (people per sq. km of land area)","EN.POP.DNST","Lao PDR","LAO","Western Pacific Region",2021,32.29286828
"Population density (people per sq. km of land area)","EN.POP.DNST","Latvia","LVA","European Region",2021,30.2826611
"Population density (people per sq. km of land area)","EN.POP.DNST","Lebanon","LBN","Eastern Mediterranean Region",2021,558.9562072
"Population density (people per sq. km of land area)","EN.POP.DNST","Lesotho","LSO","African Region",2021,74.49084321
"Population density (people per sq. km of land area)","EN.POP.DNST","Liberia","LBR","African Region",2021,54.6026059
"Population density (people per sq. km of land area)","EN.POP.DNST","Libya","LBY","Eastern Mediterranean Region",2021,4.05513657
"Population density (people per sq. km of land area)","EN.POP.DNST","Lithuania","LTU","European Region",2021,44.73469094
"Population density (people per sq. km of land area)","EN.POP.DNST","Luxembourg","LUX","European Region",2021,248.6206816
"Population density (people per sq. km of land area)","EN.POP.DNST","Madagascar","MDG","African Region",2021,51.03314369
"Population density (people per sq. km of land area)","EN.POP.DNST","Malawi","MWI","African Region",2021,212.6353203
"Population density (people per sq. km of land area)","EN.POP.DNST","Malaysia","MYS","Western Pacific Region",2021,104.3445412
"Population density (people per sq. km of land area)","EN.POP.DNST","Maldives","MDV","South-East Asia Region",2021,1720.513333
"Population density (people per sq. km of land area)","EN.POP.DNST","Mali","MLI","African Region",2021,18.34847852
"Population density (people per sq. km of land area)","EN.POP.DNST","Malta","MLT","European Region",2021,1620.425
"Population density (people per sq. km of land area)","EN.POP.DNST","Marshall Islands","MHL","Western Pacific Region",2021,229.8166667
"Population density (people per sq. km of land area)","EN.POP.DNST","Mauritania","MRT","African Region",2021,4.593843019
"Population density (people per sq. km of land area)","EN.POP.DNST","Mauritius","MUS","African Region",2021,634.1181773
"Population density (people per sq. km of land area)","EN.POP.DNST","Mexico","MEX","Region of the Americas",2021,65.66431647
"Population density (people per sq. km of land area)","EN.POP.DNST","Micronesia, Fed. Sts.","FSM","Western Pacific Region",2021,159.4628571
"Population density (people per sq. km of land area)","EN.POP.DNST","Moldova","MDA","European Region",2021,90.11035512
"Population density (people per sq. km of land area)","EN.POP.DNST","Monaco","MCO","European Region",2021,18487.04415
"Population density (people per sq. km of land area)","EN.POP.DNST","Mongolia","MNG","Western Pacific Region",2021,2.172536624
"Population density (people per sq. km of land area)","EN.POP.DNST","Morocco","MAR","Eastern Mediterranean Region",2021,82.801797
"Population density (people per sq. km of land area)","EN.POP.DNST","Mozambique","MOZ","African Region",2021,40.32121875
"Population density (people per sq. km of land area)","EN.POP.DNST","Myanmar","MMR","South-East Asia Region",2021,81.79800205
"Population density (people per sq. km of land area)","EN.POP.DNST","Namibia","NAM","African Region",2021,3.413800726
"Population density (people per sq. km of land area)","EN.POP.DNST","Nauru","NRU","Western Pacific Region",2021,585.45
"Population density (people per sq. km of land area)","EN.POP.DNST","Nepal","NPL","South-East Asia Region",2021,205.6156958
"Population density (people per sq. km of land area)","EN.POP.DNST","Netherlands","NLD","European Region",2021,520.7319275
"Population density (people per sq. km of land area)","EN.POP.DNST","New Zealand","NZL","Western Pacific Region",2021,19.41172003
"Population density (people per sq. km of land area)","EN.POP.DNST","Nicaragua","NIC","Region of the Americas",2021,55.21639521
"Population density (people per sq. km of land area)","EN.POP.DNST","Niger","NER","African Region",2021,19.3432857
"Population density (people per sq. km of land area)","EN.POP.DNST","Nigeria","NGA","African Region",2021,239.9390472
"Population density (people per sq. km of land area)","EN.POP.DNST","North Macedonia","MKD","European Region",2021,72.84353688
"Population density (people per sq. km of land area)","EN.POP.DNST","Norway","NOR","European Region",2021,14.84700909
"Population density (people per sq. km of land area)","EN.POP.DNST","Oman","OMN","Eastern Mediterranean Region",2021,14.54094992
"Population density (people per sq. km of land area)","EN.POP.DNST","Pakistan","PAK","Eastern Mediterranean Region",2021,310.6550968
"Population density (people per sq. km of land area)","EN.POP.DNST","Palau","PLW","Western Pacific Region",2021,38.65869565
"Population density (people per sq. km of land area)","EN.POP.DNST","Panama","PAN","Region of the Americas",2021,58.57919925
"Population density (people per sq. km of land area)","EN.POP.DNST","Papua New Guinea","PNG","Western Pacific Region",2021,22.1103564
"Population density (people per sq. km of land area)","EN.POP.DNST","Paraguay","PRY","Region of the Americas",2021,16.82401712
"Population density (people per sq. km of land area)","EN.POP.DNST","Peru","PER","Region of the Americas",2021,25.90303281
"Population density (people per sq. km of land area)","EN.POP.DNST","Philippines","PHL","Western Pacific Region",2021,379.3170004
"Population density (people per sq. km of land area)","EN.POP.DNST","Poland","POL","European Region",2021,120.8152859
"Population density (people per sq. km of land area)","EN.POP.DNST","Portugal","PRT","European Region",2021,113.1135105
"Population density (people per sq. km of land area)","EN.POP.DNST","Puerto Rico","PRI","Region of the Americas",2021,367.834611
"Population density (people per sq. km of land area)","EN.POP.DNST","Qatar","QAT","Eastern Mediterranean Region",2021,218.0078329
"Population density (people per sq. km of land area)","EN.POP.DNST","Romania","ROU","European Region",2021,83.11047896
"Population density (people per sq. km of land area)","EN.POP.DNST","Russian Federation","RUS","European Region",2021,8.838487574
"Population density (people per sq. km of land area)","EN.POP.DNST","Rwanda","RWA","African Region",2021,541.3563032
"Population density (people per sq. km of land area)","EN.POP.DNST","Samoa","WSM","Western Pacific Region",2021,76.89892086
"Population density (people per sq. km of land area)","EN.POP.DNST","San Marino","SMR","European Region",2021,570.8666667
"Population density (people per sq. km of land area)","EN.POP.DNST","Sao Tome and Principe","STP","African Region",2021,231.209375
"Population density (people per sq. km of land area)","EN.POP.DNST","Saudi Arabia","SAU","Eastern Mediterranean Region",2021,14.32038247
"Population density (people per sq. km of land area)","EN.POP.DNST","Senegal","SEN","African Region",2021,89.44510985
"Population density (people per sq. km of land area)","EN.POP.DNST","Seychelles","SYC","African Region",2021,215.7782609
"Population density (people per sq. km of land area)","EN.POP.DNST","Sierra Leone","SLE","African Region",2021,112.1446661
"Population density (people per sq. km of land area)","EN.POP.DNST","Singapore","SGP","Western Pacific Region",2021,7595.495822
"Population density (people per sq. km of land area)","EN.POP.DNST","Slovak Republic","SVK","European Region",2021,113.2954867
"Population density (people per sq. km of land area)","EN.POP.DNST","Slovenia","SVN","European Region",2021,104.6899644
"Population density (people per sq. km of land area)","EN.POP.DNST","Solomon Islands","SLB","Western Pacific Region",2021,27.24512326
"Population density (people per sq. km of land area)","EN.POP.DNST","Somalia","SOM","Eastern Mediterranean Region",2021,27.53121274
"Population density (people per sq. km of land area)","EN.POP.DNST","South Africa","ZAF","African Region",2021,50.6991262
"Population density (people per sq. km of land area)","EN.POP.DNST","Spain","ESP","European Region",2021,94.8822088
"Population density (people per sq. km of land area)","EN.POP.DNST","Sri Lanka","LKA","South-East Asia Region",2021,358.1635952
"Population density (people per sq. km of land area)","EN.POP.DNST","St. Kitts and Nevis","KNA","Region of the Americas",2021,179.8576923
"Population density (people per sq. km of land area)","EN.POP.DNST","St. Lucia","LCA","Region of the Americas",2021,292.6590164
"Population density (people per sq. km of land area)","EN.POP.DNST","St. Vincent and the Grenadines","VCT","Region of the Americas",2021,263.6948718
"Population density (people per sq. km of land area)","EN.POP.DNST","Suriname","SUR","Region of the Americas",2021,3.849636787
"Population density (people per sq. km of land area)","EN.POP.DNST","Sweden","SWE","European Region",2021,25.57407926
"Population density (people per sq. km of land area)","EN.POP.DNST","Switzerland","CHE","European Region",2021,220.314541
"Population density (people per sq. km of land area)","EN.POP.DNST","Syrian Arab Republic","SYR","Eastern Mediterranean Region",2021,117.7848881
"Population density (people per sq. km of land area)","EN.POP.DNST","Tajikistan","TJK","European Region",2021,71.81286836
"Population density (people per sq. km of land area)","EN.POP.DNST","Tanzania","TZA","African Region",2021,70.93069767
"Population density (people per sq. km of land area)","EN.POP.DNST","Thailand","THA","South-East Asia Region",2021,140.3968212
"Population density (people per sq. km of land area)","EN.POP.DNST","Timor-Leste","TLS","South-East Asia Region",2021,90.79616678
"Population density (people per sq. km of land area)","EN.POP.DNST","Togo","TGO","African Region",2021,163.2355028
"Population density (people per sq. km of land area)","EN.POP.DNST","Tonga","TON","Western Pacific Region",2021,146.5138889
"Population density (people per sq. km of land area)","EN.POP.DNST","Trinidad and Tobago","TTO","Region of the Americas",2021,266.5805068
"Population density (people per sq. km of land area)","EN.POP.DNST","Tunisia","TUN","Eastern Mediterranean Region",2021,77.55292225
"Population density (people per sq. km of land area)","EN.POP.DNST","Turkiye","TUR","European Region",2021,109.3347687
"Population density (people per sq. km of land area)","EN.POP.DNST","Turkmenistan","TKM","European Region",2021,15.09170089
"Population density (people per sq. km of land area)","EN.POP.DNST","Tuvalu","TUV","Western Pacific Region",2021,339.8
"Population density (people per sq. km of land area)","EN.POP.DNST","Uganda","UGA","African Region",2021,228.9593557
"Population density (people per sq. km of land area)","EN.POP.DNST","Ukraine","UKR","European Region",2021,76.45605799
"Population density (people per sq. km of land area)","EN.POP.DNST","United Arab Emirates","ARE","Eastern Mediterranean Region",2021,134.8233174
"Population density (people per sq. km of land area)","EN.POP.DNST","United Kingdom","GBR","European Region",2021,277.0482867
"Population density (people per sq. km of land area)","EN.POP.DNST","United States","USA","Region of the Americas",2021,36.29974102
"Population density (people per sq. km of land area)","EN.POP.DNST","Uruguay","URY","Region of the Americas",2021,19.40746772
"Population density (people per sq. km of land area)","EN.POP.DNST","Uzbekistan","UZB","European Region",2021,77.71125126
"Population density (people per sq. km of land area)","EN.POP.DNST","Vanuatu","VUT","Western Pacific Region",2021,25.09171452
"Population density (people per sq. km of land area)","EN.POP.DNST","Venezuela, RB","VEN","Region of the Americas",2021,32.01386089
"Population density (people per sq. km of land area)","EN.POP.DNST","Viet Nam","VNM","Western Pacific Region",2021,315.6539376
"Population density (people per sq. km of land area)","EN.POP.DNST","West Bank and Gaza","PSE","Eastern Mediterranean Region",2021,817.0537759
"Population density (people per sq. km of land area)","EN.POP.DNST","Yemen, Rep.","YEM","Eastern Mediterranean Region",2021,70.34534159
"Population density (people per sq. km of land area)","EN.POP.DNST","Zambia","ZMB","African Region",2021,26.37055516
"Population density (people per sq. km of land area)","EN.POP.DNST","Zimbabwe","ZWE","African Region",2021,40.83549179
